id,X,Y,M,V
736,-400.0,-400.0,25.0,0.2
990,-400.0,-300.0,25.0,0.2
898,-400.0,-200.0,25.0,0.2
2021,-400.0,-100.0,25.0,0.2
486,-400.0,0.0,25.0,0.2
2496,-400.0,100.0,25.0,0.2
2298,-400.0,200.0,25.0,0.2
1679,-400.0,300.0,25.0,0.2
1872,-400.0,400.0,25.0,0.2
1855,-300.0,-400.0,25.0,0.2
80,-300.0,-300.0,25.0,0.2
679,-300.0,-200.0,25.0,0.2
406,-300.0,-100.0,25.0,0.2
1475,-300.0,0.0,25.0,0.2
86,-300.0,100.0,25.0,0.2
1367,-300.0,200.0,25.0,0.2
2104,-300.0,300.0,25.0,0.2
348,-300.0,400.0,25.0,0.2
221,-200.0,-400.0,25.0,0.2
182,-200.0,-300.0,25.0,0.2
1203,-200.0,-200.0,25.0,0.2
1141,-200.0,-100.0,25.0,0.2
2645,-200.0,0.0,25.0,0.2
1372,-200.0,100.0,25.0,0.2
989,-200.0,200.0,25.0,0.2
546,-200.0,300.0,25.0,0.2
74,-200.0,400.0,25.0,0.2
2223,-100.0,-400.0,25.0,0.2
1857,-100.0,-300.0,25.0,0.2
1530,-100.0,-200.0,25.0,0.2
2018,-100.0,-100.0,25.0,0.2
1547,-100.0,0.0,25.0,0.2
480,-100.0,100.0,25.0,0.2
1061,-100.0,200.0,25.0,0.2
1704,-100.0,300.0,25.0,0.2
1159,-100.0,400.0,25.0,0.2
2467,0.0,-400.0,25.0,0.2
1753,0.0,-300.0,25.0,0.2
930,0.0,-200.0,25.0,0.2
414,0.0,-100.0,25.0,0.2
725,0.0,0.0,25.0,0.2
2114,0.0,100.0,25.0,0.2
1458,0.0,200.0,25.0,0.2
2482,0.0,300.0,25.0,0.2
366,100.0,-400.0,25.0,0.2
2387,100.0,-300.0,25.0,0.2
876,100.0,-200.0,25.0,0.2
835,100.0,-100.0,25.0,0.2
2533,100.0,0.0,25.0,0.2
1648,100.0,100.0,25.0,0.2
1354,100.0,200.0,25.0,0.2
606,100.0,300.0,25.0,0.2
403,100.0,400.0,25.0,0.2
1643,200.0,-400.0,25.0,0.2
1540,200.0,-300.0,25.0,0.2
1477,200.0,-200.0,25.0,0.2
2586,200.0,-100.0,25.0,0.2
1752,200.0,0.0,25.0,0.2
1681,200.0,100.0,25.0,0.2
1349,200.0,200.0,25.0,0.2
1743,200.0,300.0,25.0,0.2
1456,200.0,400.0,25.0,0.2
850,300.0,-400.0,25.0,0.2
932,300.0,-300.0,25.0,0.2
317,300.0,-200.0,25.0,0.2
453,300.0,-100.0,25.0,0.2
888,300.0,0.0,25.0,0.2
121,300.0,100.0,25.0,0.2
1980,300.0,200.0,25.0,0.2
2565,300.0,300.0,25.0,0.2
2724,300.0,400.0,25.0,0.2
27,400.0,-400.0,25.0,0.2
241,400.0,-300.0,25.0,0.2
2315,400.0,-200.0,25.0,0.2
822,400.0,-100.0,25.0,0.2
2432,400.0,0.0,25.0,0.2
735,400.0,100.0,25.0,0.2
102,400.0,200.0,25.0,0.2
2308,400.0,300.0,25.0,0.2
1146,400.0,400.0,25.0,0.2
285,-400.0,-400.0,25.0,0.4
814,-400.0,-300.0,25.0,0.4
2040,-400.0,-200.0,25.0,0.4
678,-400.0,-100.0,25.0,0.4
2090,-400.0,0.0,25.0,0.4
2060,-400.0,100.0,25.0,0.4
55,-400.0,200.0,25.0,0.4
1055,-400.0,300.0,25.0,0.4
1879,-400.0,400.0,25.0,0.4
786,-300.0,-400.0,25.0,0.4
1788,-300.0,-300.0,25.0,0.4
2,-300.0,-200.0,25.0,0.4
2037,-300.0,-100.0,25.0,0.4
1338,-300.0,0.0,25.0,0.4
2390,-300.0,100.0,25.0,0.4
2064,-300.0,200.0,25.0,0.4
2662,-300.0,300.0,25.0,0.4
1902,-300.0,400.0,25.0,0.4
2024,-200.0,-400.0,25.0,0.4
2226,-200.0,-300.0,25.0,0.4
2327,-200.0,-200.0,25.0,0.4
1358,-200.0,-100.0,25.0,0.4
128,-200.0,0.0,25.0,0.4
2729,-200.0,100.0,25.0,0.4
2501,-200.0,200.0,25.0,0.4
2192,-200.0,300.0,25.0,0.4
816,-200.0,400.0,25.0,0.4
442,-100.0,-400.0,25.0,0.4
1831,-100.0,-300.0,25.0,0.4
1177,-100.0,-200.0,25.0,0.4
889,-100.0,-100.0,25.0,0.4
2619,-100.0,0.0,25.0,0.4
1175,-100.0,100.0,25.0,0.4
787,-100.0,200.0,25.0,0.4
401,-100.0,300.0,25.0,0.4
495,-100.0,400.0,25.0,0.4
11,0.0,-400.0,25.0,0.4
1631,0.0,-300.0,25.0,0.4
988,0.0,-200.0,25.0,0.4
1529,0.0,-100.0,25.0,0.4
2499,0.0,0.0,25.0,0.4
1778,0.0,100.0,25.0,0.4
1588,0.0,200.0,25.0,0.4
2029,0.0,300.0,25.0,0.4
1607,100.0,-400.0,25.0,0.4
2086,100.0,-300.0,25.0,0.4
1267,100.0,-200.0,25.0,0.4
881,100.0,-100.0,25.0,0.4
1591,100.0,0.0,25.0,0.4
419,100.0,100.0,25.0,0.4
338,100.0,200.0,25.0,0.4
1357,100.0,300.0,25.0,0.4
605,100.0,400.0,25.0,0.4
896,200.0,-400.0,25.0,0.4
777,200.0,-300.0,25.0,0.4
1970,200.0,-200.0,25.0,0.4
243,200.0,-100.0,25.0,0.4
1672,200.0,0.0,25.0,0.4
1391,200.0,100.0,25.0,0.4
624,200.0,200.0,25.0,0.4
2326,200.0,300.0,25.0,0.4
880,200.0,400.0,25.0,0.4
2588,300.0,-400.0,25.0,0.4
141,300.0,-300.0,25.0,0.4
38,300.0,-200.0,25.0,0.4
742,300.0,-100.0,25.0,0.4
2595,300.0,0.0,25.0,0.4
426,300.0,100.0,25.0,0.4
1321,300.0,200.0,25.0,0.4
1467,300.0,300.0,25.0,0.4
164,300.0,400.0,25.0,0.4
2044,400.0,-400.0,25.0,0.4
1099,400.0,-300.0,25.0,0.4
2632,400.0,-200.0,25.0,0.4
2751,400.0,-100.0,25.0,0.4
952,400.0,0.0,25.0,0.4
393,400.0,100.0,25.0,0.4
638,400.0,200.0,25.0,0.4
1893,400.0,300.0,25.0,0.4
1427,400.0,400.0,25.0,0.4
510,-400.0,-400.0,25.0,0.6
732,-400.0,-300.0,25.0,0.6
587,-400.0,-200.0,25.0,0.6
64,-400.0,-100.0,25.0,0.6
1310,-400.0,0.0,25.0,0.6
1877,-400.0,100.0,25.0,0.6
487,-400.0,200.0,25.0,0.6
931,-400.0,300.0,25.0,0.6
548,-400.0,400.0,25.0,0.6
2640,-300.0,-400.0,25.0,0.6
688,-300.0,-300.0,25.0,0.6
1234,-300.0,-200.0,25.0,0.6
157,-300.0,-100.0,25.0,0.6
289,-300.0,0.0,25.0,0.6
2363,-300.0,100.0,25.0,0.6
2637,-300.0,200.0,25.0,0.6
1823,-300.0,300.0,25.0,0.6
324,-300.0,400.0,25.0,0.6
759,-200.0,-400.0,25.0,0.6
2440,-200.0,-300.0,25.0,0.6
2130,-200.0,-200.0,25.0,0.6
2683,-200.0,-100.0,25.0,0.6
1929,-200.0,0.0,25.0,0.6
2169,-200.0,100.0,25.0,0.6
698,-200.0,200.0,25.0,0.6
2149,-200.0,300.0,25.0,0.6
1842,-200.0,400.0,25.0,0.6
1602,-100.0,-400.0,25.0,0.6
1608,-100.0,-300.0,25.0,0.6
2757,-100.0,-200.0,25.0,0.6
1342,-100.0,-100.0,25.0,0.6
995,-100.0,0.0,25.0,0.6
2451,-100.0,100.0,25.0,0.6
802,-100.0,200.0,25.0,0.6
158,-100.0,300.0,25.0,0.6
2775,-100.0,400.0,25.0,0.6
1931,0.0,-400.0,25.0,0.6
2774,0.0,-300.0,25.0,0.6
399,0.0,-200.0,25.0,0.6
943,0.0,-100.0,25.0,0.6
2039,0.0,0.0,25.0,0.6
1762,0.0,100.0,25.0,0.6
110,0.0,200.0,25.0,0.6
543,0.0,300.0,25.0,0.6
733,100.0,-400.0,25.0,0.6
908,100.0,-300.0,25.0,0.6
1110,100.0,-200.0,25.0,0.6
2052,100.0,-100.0,25.0,0.6
2228,100.0,0.0,25.0,0.6
2099,100.0,100.0,25.0,0.6
1070,100.0,200.0,25.0,0.6
2135,100.0,300.0,25.0,0.6
947,100.0,400.0,25.0,0.6
1736,200.0,-400.0,25.0,0.6
1000,200.0,-300.0,25.0,0.6
2535,200.0,-200.0,25.0,0.6
2379,200.0,-100.0,25.0,0.6
2686,200.0,0.0,25.0,0.6
1532,200.0,100.0,25.0,0.6
415,200.0,200.0,25.0,0.6
494,200.0,300.0,25.0,0.6
2002,200.0,400.0,25.0,0.6
2439,300.0,-400.0,25.0,0.6
1486,300.0,-300.0,25.0,0.6
1439,300.0,-200.0,25.0,0.6
1063,300.0,-100.0,25.0,0.6
136,300.0,0.0,25.0,0.6
147,300.0,100.0,25.0,0.6
1817,300.0,200.0,25.0,0.6
684,300.0,300.0,25.0,0.6
115,300.0,400.0,25.0,0.6
2349,400.0,-400.0,25.0,0.6
1899,400.0,-300.0,25.0,0.6
20,400.0,-200.0,25.0,0.6
2519,400.0,-100.0,25.0,0.6
322,400.0,0.0,25.0,0.6
1908,400.0,100.0,25.0,0.6
2416,400.0,200.0,25.0,0.6
697,400.0,300.0,25.0,0.6
986,400.0,400.0,25.0,0.6
2307,-400.0,-400.0,25.0,0.8
890,-400.0,-300.0,25.0,0.8
1901,-400.0,-200.0,25.0,0.8
2045,-400.0,-100.0,25.0,0.8
1781,-400.0,0.0,25.0,0.8
959,-400.0,100.0,25.0,0.8
2721,-400.0,200.0,25.0,0.8
2263,-400.0,300.0,25.0,0.8
1348,-400.0,400.0,25.0,0.8
281,-300.0,-400.0,25.0,0.8
1916,-300.0,-300.0,25.0,0.8
101,-300.0,-200.0,25.0,0.8
1866,-300.0,-100.0,25.0,0.8
1284,-300.0,0.0,25.0,0.8
1515,-300.0,100.0,25.0,0.8
1977,-300.0,200.0,25.0,0.8
118,-300.0,300.0,25.0,0.8
1863,-300.0,400.0,25.0,0.8
1597,-200.0,-400.0,25.0,0.8
730,-200.0,-300.0,25.0,0.8
2738,-200.0,-200.0,25.0,0.8
363,-200.0,-100.0,25.0,0.8
1722,-200.0,0.0,25.0,0.8
1474,-200.0,100.0,25.0,0.8
89,-200.0,200.0,25.0,0.8
2741,-200.0,300.0,25.0,0.8
2473,-200.0,400.0,25.0,0.8
404,-100.0,-400.0,25.0,0.8
2635,-100.0,-300.0,25.0,0.8
2522,-100.0,-200.0,25.0,0.8
108,-100.0,-100.0,25.0,0.8
2247,-100.0,0.0,25.0,0.8
313,-100.0,100.0,25.0,0.8
1022,-100.0,200.0,25.0,0.8
2309,-100.0,300.0,25.0,0.8
2656,-100.0,400.0,25.0,0.8
264,0.0,-400.0,25.0,0.8
1661,0.0,-300.0,25.0,0.8
2357,0.0,-200.0,25.0,0.8
376,0.0,-100.0,25.0,0.8
308,0.0,0.0,25.0,0.8
868,0.0,100.0,25.0,0.8
1844,0.0,200.0,25.0,0.8
1388,0.0,300.0,25.0,0.8
1497,100.0,-400.0,25.0,0.8
2755,100.0,-300.0,25.0,0.8
1229,100.0,-200.0,25.0,0.8
390,100.0,-100.0,25.0,0.8
1729,100.0,0.0,25.0,0.8
346,100.0,100.0,25.0,0.8
1002,100.0,200.0,25.0,0.8
1917,100.0,300.0,25.0,0.8
1579,100.0,400.0,25.0,0.8
1826,200.0,-400.0,25.0,0.8
2509,200.0,-300.0,25.0,0.8
2620,200.0,-200.0,25.0,0.8
2484,200.0,-100.0,25.0,0.8
214,200.0,0.0,25.0,0.8
1813,200.0,100.0,25.0,0.8
1164,200.0,200.0,25.0,0.8
375,200.0,300.0,25.0,0.8
39,200.0,400.0,25.0,0.8
580,300.0,-400.0,25.0,0.8
2764,300.0,-300.0,25.0,0.8
1268,300.0,-200.0,25.0,0.8
2321,300.0,-100.0,25.0,0.8
2611,300.0,0.0,25.0,0.8
1105,300.0,100.0,25.0,0.8
1066,300.0,200.0,25.0,0.8
1326,300.0,300.0,25.0,0.8
2541,300.0,400.0,25.0,0.8
2396,400.0,-400.0,25.0,0.8
1595,400.0,-300.0,25.0,0.8
2572,400.0,-200.0,25.0,0.8
135,400.0,-100.0,25.0,0.8
2616,400.0,0.0,25.0,0.8
56,400.0,100.0,25.0,0.8
1799,400.0,200.0,25.0,0.8
184,400.0,300.0,25.0,0.8
542,400.0,400.0,25.0,0.8
1851,-400.0,-400.0,25.0,1.0
1519,-400.0,-300.0,25.0,1.0
236,-400.0,-200.0,25.0,1.0
2164,-400.0,-100.0,25.0,1.0
830,-400.0,0.0,25.0,1.0
1801,-400.0,100.0,25.0,1.0
2575,-400.0,200.0,25.0,1.0
1196,-400.0,300.0,25.0,1.0
1782,-400.0,400.0,25.0,1.0
2129,-300.0,-400.0,25.0,1.0
593,-300.0,-300.0,25.0,1.0
235,-300.0,-200.0,25.0,1.0
1787,-300.0,-100.0,25.0,1.0
917,-300.0,0.0,25.0,1.0
530,-300.0,100.0,25.0,1.0
815,-300.0,200.0,25.0,1.0
1949,-300.0,300.0,25.0,1.0
1269,-300.0,400.0,25.0,1.0
2128,-200.0,-400.0,25.0,1.0
367,-200.0,-300.0,25.0,1.0
2647,-200.0,-200.0,25.0,1.0
1035,-200.0,-100.0,25.0,1.0
2671,-200.0,0.0,25.0,1.0
1846,-200.0,100.0,25.0,1.0
683,-200.0,200.0,25.0,1.0
1783,-200.0,300.0,25.0,1.0
2375,-200.0,400.0,25.0,1.0
2555,-100.0,-400.0,25.0,1.0
841,-100.0,-300.0,25.0,1.0
1859,-100.0,-200.0,25.0,1.0
654,-100.0,-100.0,25.0,1.0
1854,-100.0,0.0,25.0,1.0
70,-100.0,100.0,25.0,1.0
916,-100.0,200.0,25.0,1.0
2421,-100.0,300.0,25.0,1.0
1130,-100.0,400.0,25.0,1.0
342,0.0,-400.0,25.0,1.0
2337,0.0,-300.0,25.0,1.0
353,0.0,-200.0,25.0,1.0
1198,0.0,-100.0,25.0,1.0
2208,0.0,0.0,25.0,1.0
1833,0.0,100.0,25.0,1.0
1953,0.0,200.0,25.0,1.0
1452,0.0,300.0,25.0,1.0
705,100.0,-400.0,25.0,1.0
1014,100.0,-300.0,25.0,1.0
439,100.0,-200.0,25.0,1.0
206,100.0,-100.0,25.0,1.0
1106,100.0,0.0,25.0,1.0
233,100.0,100.0,25.0,1.0
1563,100.0,200.0,25.0,1.0
499,100.0,300.0,25.0,1.0
1992,100.0,400.0,25.0,1.0
92,200.0,-400.0,25.0,1.0
900,200.0,-300.0,25.0,1.0
1521,200.0,-200.0,25.0,1.0
2283,200.0,-100.0,25.0,1.0
131,200.0,0.0,25.0,1.0
1555,200.0,100.0,25.0,1.0
2011,200.0,200.0,25.0,1.0
1460,200.0,300.0,25.0,1.0
239,200.0,400.0,25.0,1.0
2542,300.0,-400.0,25.0,1.0
1757,300.0,-300.0,25.0,1.0
2634,300.0,-200.0,25.0,1.0
967,300.0,-100.0,25.0,1.0
526,300.0,0.0,25.0,1.0
2017,300.0,100.0,25.0,1.0
2678,300.0,200.0,25.0,1.0
1633,300.0,300.0,25.0,1.0
547,300.0,400.0,25.0,1.0
721,400.0,-400.0,25.0,1.0
1719,400.0,-300.0,25.0,1.0
1436,400.0,-200.0,25.0,1.0
2708,400.0,-100.0,25.0,1.0
493,400.0,0.0,25.0,1.0
1134,400.0,100.0,25.0,1.0
87,400.0,200.0,25.0,1.0
434,400.0,300.0,25.0,1.0
2461,400.0,400.0,25.0,1.0
2075,-400.0,-400.0,50.0,0.2
461,-400.0,-300.0,50.0,0.2
1613,-400.0,-200.0,50.0,0.2
1322,-400.0,-100.0,50.0,0.2
2672,-400.0,0.0,50.0,0.2
188,-400.0,100.0,50.0,0.2
205,-400.0,200.0,50.0,0.2
51,-400.0,300.0,50.0,0.2
2235,-400.0,400.0,50.0,0.2
778,-300.0,-400.0,50.0,0.2
1376,-300.0,-300.0,50.0,0.2
1896,-300.0,-200.0,50.0,0.2
2562,-300.0,-100.0,50.0,0.2
1942,-300.0,0.0,50.0,0.2
368,-300.0,100.0,50.0,0.2
1599,-300.0,200.0,50.0,0.2
660,-300.0,300.0,50.0,0.2
1256,-300.0,400.0,50.0,0.2
2441,-200.0,-400.0,50.0,0.2
2510,-200.0,-300.0,50.0,0.2
2719,-200.0,-200.0,50.0,0.2
450,-200.0,-100.0,50.0,0.2
2602,-200.0,0.0,50.0,0.2
140,-200.0,100.0,50.0,0.2
2065,-200.0,200.0,50.0,0.2
538,-200.0,300.0,50.0,0.2
2289,-200.0,400.0,50.0,0.2
1884,-100.0,-400.0,50.0,0.2
1288,-100.0,-300.0,50.0,0.2
2528,-100.0,-200.0,50.0,0.2
1666,-100.0,-100.0,50.0,0.2
2797,-100.0,0.0,50.0,0.2
25,-100.0,100.0,50.0,0.2
857,-100.0,200.0,50.0,0.2
1686,-100.0,300.0,50.0,0.2
315,-100.0,400.0,50.0,0.2
1315,0.0,-400.0,50.0,0.2
1564,0.0,-300.0,50.0,0.2
2366,0.0,-200.0,50.0,0.2
1612,0.0,-100.0,50.0,0.2
613,0.0,0.0,50.0,0.2
2250,0.0,100.0,50.0,0.2
1167,0.0,200.0,50.0,0.2
1637,0.0,300.0,50.0,0.2
1172,100.0,-400.0,50.0,0.2
805,100.0,-300.0,50.0,0.2
1695,100.0,-200.0,50.0,0.2
2331,100.0,-100.0,50.0,0.2
1292,100.0,0.0,50.0,0.2
1573,100.0,100.0,50.0,0.2
2012,100.0,200.0,50.0,0.2
971,100.0,300.0,50.0,0.2
2687,100.0,400.0,50.0,0.2
674,200.0,-400.0,50.0,0.2
395,200.0,-300.0,50.0,0.2
291,200.0,-200.0,50.0,0.2
49,200.0,-100.0,50.0,0.2
1081,200.0,0.0,50.0,0.2
993,200.0,100.0,50.0,0.2
21,200.0,200.0,50.0,0.2
2411,200.0,300.0,50.0,0.2
2544,200.0,400.0,50.0,0.2
1900,300.0,-400.0,50.0,0.2
849,300.0,-300.0,50.0,0.2
1979,300.0,-200.0,50.0,0.2
1533,300.0,-100.0,50.0,0.2
1927,300.0,0.0,50.0,0.2
1705,300.0,100.0,50.0,0.2
143,300.0,200.0,50.0,0.2
262,300.0,300.0,50.0,0.2
936,300.0,400.0,50.0,0.2
320,400.0,-400.0,50.0,0.2
1513,400.0,-300.0,50.0,0.2
987,400.0,-200.0,50.0,0.2
769,400.0,-100.0,50.0,0.2
1881,400.0,0.0,50.0,0.2
2101,400.0,100.0,50.0,0.2
429,400.0,200.0,50.0,0.2
2123,400.0,300.0,50.0,0.2
448,400.0,400.0,50.0,0.2
882,-400.0,-400.0,50.0,0.4
629,-400.0,-300.0,50.0,0.4
159,-400.0,-200.0,50.0,0.4
1086,-400.0,-100.0,50.0,0.4
2472,-400.0,0.0,50.0,0.4
2512,-400.0,100.0,50.0,0.4
657,-400.0,200.0,50.0,0.4
83,-400.0,300.0,50.0,0.4
2074,-400.0,400.0,50.0,0.4
1088,-300.0,-400.0,50.0,0.4
1330,-300.0,-300.0,50.0,0.4
1514,-300.0,-200.0,50.0,0.4
663,-300.0,-100.0,50.0,0.4
1958,-300.0,0.0,50.0,0.4
918,-300.0,100.0,50.0,0.4
208,-300.0,200.0,50.0,0.4
2402,-300.0,300.0,50.0,0.4
1541,-300.0,400.0,50.0,0.4
2733,-200.0,-400.0,50.0,0.4
431,-200.0,-300.0,50.0,0.4
785,-200.0,-200.0,50.0,0.4
2530,-200.0,-100.0,50.0,0.4
1688,-200.0,0.0,50.0,0.4
1091,-200.0,100.0,50.0,0.4
1043,-200.0,200.0,50.0,0.4
2202,-200.0,300.0,50.0,0.4
255,-200.0,400.0,50.0,0.4
1197,-100.0,-400.0,50.0,0.4
1123,-100.0,-300.0,50.0,0.4
1344,-100.0,-200.0,50.0,0.4
905,-100.0,-100.0,50.0,0.4
2493,-100.0,0.0,50.0,0.4
1171,-100.0,100.0,50.0,0.4
2141,-100.0,200.0,50.0,0.4
2348,-100.0,300.0,50.0,0.4
153,-100.0,400.0,50.0,0.4
0,0.0,-400.0,50.0,0.4
45,0.0,-300.0,50.0,0.4
1744,0.0,-200.0,50.0,0.4
596,0.0,-100.0,50.0,0.4
286,0.0,0.0,50.0,0.4
639,0.0,100.0,50.0,0.4
667,0.0,200.0,50.0,0.4
1163,0.0,300.0,50.0,0.4
2305,100.0,-400.0,50.0,0.4
743,100.0,-300.0,50.0,0.4
813,100.0,-200.0,50.0,0.4
1697,100.0,-100.0,50.0,0.4
1306,100.0,0.0,50.0,0.4
686,100.0,100.0,50.0,0.4
1013,100.0,200.0,50.0,0.4
2600,100.0,300.0,50.0,0.4
729,100.0,400.0,50.0,0.4
1647,200.0,-400.0,50.0,0.4
2705,200.0,-300.0,50.0,0.4
2050,200.0,-200.0,50.0,0.4
1484,200.0,-100.0,50.0,0.4
2750,200.0,0.0,50.0,0.4
1090,200.0,100.0,50.0,0.4
1609,200.0,200.0,50.0,0.4
452,200.0,300.0,50.0,0.4
1010,200.0,400.0,50.0,0.4
1723,300.0,-400.0,50.0,0.4
1211,300.0,-300.0,50.0,0.4
1095,300.0,-200.0,50.0,0.4
2132,300.0,-100.0,50.0,0.4
1082,300.0,0.0,50.0,0.4
997,300.0,100.0,50.0,0.4
2722,300.0,200.0,50.0,0.4
144,300.0,300.0,50.0,0.4
2162,300.0,400.0,50.0,0.4
1219,400.0,-400.0,50.0,0.4
2677,400.0,-300.0,50.0,0.4
1639,400.0,-200.0,50.0,0.4
210,400.0,-100.0,50.0,0.4
1937,400.0,0.0,50.0,0.4
377,400.0,100.0,50.0,0.4
1020,400.0,200.0,50.0,0.4
2240,400.0,300.0,50.0,0.4
2188,400.0,400.0,50.0,0.4
222,-400.0,-400.0,50.0,0.6
2311,-400.0,-300.0,50.0,0.6
1955,-400.0,-200.0,50.0,0.6
427,-400.0,-100.0,50.0,0.6
1415,-400.0,0.0,50.0,0.6
2093,-400.0,100.0,50.0,0.6
1174,-400.0,200.0,50.0,0.6
953,-400.0,300.0,50.0,0.6
31,-400.0,400.0,50.0,0.6
7,-300.0,-400.0,50.0,0.6
2022,-300.0,-300.0,50.0,0.6
926,-300.0,-200.0,50.0,0.6
656,-300.0,-100.0,50.0,0.6
2641,-300.0,0.0,50.0,0.6
2725,-300.0,100.0,50.0,0.6
670,-300.0,200.0,50.0,0.6
1806,-300.0,300.0,50.0,0.6
114,-300.0,400.0,50.0,0.6
29,-200.0,-400.0,50.0,0.6
2771,-200.0,-300.0,50.0,0.6
924,-200.0,-200.0,50.0,0.6
2404,-200.0,-100.0,50.0,0.6
973,-200.0,0.0,50.0,0.6
1535,-200.0,100.0,50.0,0.6
2580,-200.0,200.0,50.0,0.6
1718,-200.0,300.0,50.0,0.6
897,-200.0,400.0,50.0,0.6
2277,-100.0,-400.0,50.0,0.6
1822,-100.0,-300.0,50.0,0.6
2339,-100.0,-200.0,50.0,0.6
1408,-100.0,-100.0,50.0,0.6
545,-100.0,0.0,50.0,0.6
1812,-100.0,100.0,50.0,0.6
2608,-100.0,200.0,50.0,0.6
343,-100.0,300.0,50.0,0.6
1539,-100.0,400.0,50.0,0.6
2073,0.0,-400.0,50.0,0.6
1434,0.0,-300.0,50.0,0.6
843,0.0,-200.0,50.0,0.6
1720,0.0,-100.0,50.0,0.6
1911,0.0,0.0,50.0,0.6
2592,0.0,100.0,50.0,0.6
863,0.0,200.0,50.0,0.6
1178,0.0,300.0,50.0,0.6
1089,100.0,-400.0,50.0,0.6
1587,100.0,-300.0,50.0,0.6
2697,100.0,-200.0,50.0,0.6
1810,100.0,-100.0,50.0,0.6
2150,100.0,0.0,50.0,0.6
122,100.0,100.0,50.0,0.6
477,100.0,200.0,50.0,0.6
1761,100.0,300.0,50.0,0.6
1779,100.0,400.0,50.0,0.6
714,200.0,-400.0,50.0,0.6
2791,200.0,-300.0,50.0,0.6
1869,200.0,-200.0,50.0,0.6
909,200.0,-100.0,50.0,0.6
212,200.0,0.0,50.0,0.6
2329,200.0,100.0,50.0,0.6
1308,200.0,200.0,50.0,0.6
1185,200.0,300.0,50.0,0.6
1717,200.0,400.0,50.0,0.6
279,300.0,-400.0,50.0,0.6
608,300.0,-300.0,50.0,0.6
631,300.0,-200.0,50.0,0.6
669,300.0,-100.0,50.0,0.6
82,300.0,0.0,50.0,0.6
2354,300.0,100.0,50.0,0.6
438,300.0,200.0,50.0,0.6
2718,300.0,300.0,50.0,0.6
875,300.0,400.0,50.0,0.6
501,400.0,-400.0,50.0,0.6
1853,400.0,-300.0,50.0,0.6
1726,400.0,-200.0,50.0,0.6
1278,400.0,-100.0,50.0,0.6
211,400.0,0.0,50.0,0.6
81,400.0,100.0,50.0,0.6
527,400.0,200.0,50.0,0.6
32,400.0,300.0,50.0,0.6
314,400.0,400.0,50.0,0.6
2016,-400.0,-400.0,50.0,0.8
19,-400.0,-300.0,50.0,0.8
1512,-400.0,-200.0,50.0,0.8
766,-400.0,-100.0,50.0,0.8
421,-400.0,0.0,50.0,0.8
929,-400.0,100.0,50.0,0.8
584,-400.0,200.0,50.0,0.8
195,-400.0,300.0,50.0,0.8
1432,-400.0,400.0,50.0,0.8
489,-300.0,-400.0,50.0,0.8
2207,-300.0,-300.0,50.0,0.8
2610,-300.0,-200.0,50.0,0.8
2336,-300.0,-100.0,50.0,0.8
2271,-300.0,0.0,50.0,0.8
2609,-300.0,100.0,50.0,0.8
1428,-300.0,200.0,50.0,0.8
2670,-300.0,300.0,50.0,0.8
1914,-300.0,400.0,50.0,0.8
894,-200.0,-400.0,50.0,0.8
2617,-200.0,-300.0,50.0,0.8
257,-200.0,-200.0,50.0,0.8
1008,-200.0,-100.0,50.0,0.8
1520,-200.0,0.0,50.0,0.8
873,-200.0,100.0,50.0,0.8
1998,-200.0,200.0,50.0,0.8
175,-200.0,300.0,50.0,0.8
852,-200.0,400.0,50.0,0.8
1356,-100.0,-400.0,50.0,0.8
224,-100.0,-300.0,50.0,0.8
1034,-100.0,-200.0,50.0,0.8
703,-100.0,-100.0,50.0,0.8
2465,-100.0,0.0,50.0,0.8
823,-100.0,100.0,50.0,0.8
874,-100.0,200.0,50.0,0.8
944,-100.0,300.0,50.0,0.8
2249,-100.0,400.0,50.0,0.8
2359,0.0,-400.0,50.0,0.8
1023,0.0,-300.0,50.0,0.8
1151,0.0,-200.0,50.0,0.8
1677,0.0,-100.0,50.0,0.8
90,0.0,0.0,50.0,0.8
2684,0.0,100.0,50.0,0.8
2204,0.0,200.0,50.0,0.8
1304,0.0,300.0,50.0,0.8
2139,100.0,-400.0,50.0,0.8
848,100.0,-300.0,50.0,0.8
223,100.0,-200.0,50.0,0.8
614,100.0,-100.0,50.0,0.8
2220,100.0,0.0,50.0,0.8
2633,100.0,100.0,50.0,0.8
2769,100.0,200.0,50.0,0.8
2762,100.0,300.0,50.0,0.8
1021,100.0,400.0,50.0,0.8
1365,200.0,-400.0,50.0,0.8
2763,200.0,-300.0,50.0,0.8
626,200.0,-200.0,50.0,0.8
592,200.0,-100.0,50.0,0.8
68,200.0,0.0,50.0,0.8
789,200.0,100.0,50.0,0.8
304,200.0,200.0,50.0,0.8
569,200.0,300.0,50.0,0.8
1012,200.0,400.0,50.0,0.8
1691,300.0,-400.0,50.0,0.8
1880,300.0,-300.0,50.0,0.8
1453,300.0,-200.0,50.0,0.8
1017,300.0,-100.0,50.0,0.8
1975,300.0,0.0,50.0,0.8
856,300.0,100.0,50.0,0.8
1472,300.0,200.0,50.0,0.8
2618,300.0,300.0,50.0,0.8
2423,300.0,400.0,50.0,0.8
10,400.0,-400.0,50.0,0.8
572,400.0,-300.0,50.0,0.8
2394,400.0,-200.0,50.0,0.8
2313,400.0,-100.0,50.0,0.8
2058,400.0,0.0,50.0,0.8
1506,400.0,100.0,50.0,0.8
906,400.0,200.0,50.0,0.8
1559,400.0,300.0,50.0,0.8
1714,400.0,400.0,50.0,0.8
1403,-400.0,-400.0,50.0,1.0
1126,-400.0,-300.0,50.0,1.0
2036,-400.0,-200.0,50.0,1.0
1898,-400.0,-100.0,50.0,1.0
796,-400.0,0.0,50.0,1.0
1550,-400.0,100.0,50.0,1.0
607,-400.0,200.0,50.0,1.0
1298,-400.0,300.0,50.0,1.0
1926,-400.0,400.0,50.0,1.0
2710,-300.0,-400.0,50.0,1.0
1622,-300.0,-300.0,50.0,1.0
189,-300.0,-200.0,50.0,1.0
948,-300.0,-100.0,50.0,1.0
1570,-300.0,0.0,50.0,1.0
2110,-300.0,100.0,50.0,1.0
902,-300.0,200.0,50.0,1.0
2628,-300.0,300.0,50.0,1.0
1253,-300.0,400.0,50.0,1.0
540,-200.0,-400.0,50.0,1.0
891,-200.0,-300.0,50.0,1.0
2097,-200.0,-200.0,50.0,1.0
2230,-200.0,-100.0,50.0,1.0
2072,-200.0,0.0,50.0,1.0
1272,-200.0,100.0,50.0,1.0
436,-200.0,200.0,50.0,1.0
1987,-200.0,300.0,50.0,1.0
1624,-200.0,400.0,50.0,1.0
247,-100.0,-400.0,50.0,1.0
1079,-100.0,-300.0,50.0,1.0
167,-100.0,-200.0,50.0,1.0
2197,-100.0,-100.0,50.0,1.0
1280,-100.0,0.0,50.0,1.0
2534,-100.0,100.0,50.0,1.0
702,-100.0,200.0,50.0,1.0
1290,-100.0,300.0,50.0,1.0
1616,-100.0,400.0,50.0,1.0
2116,0.0,-400.0,50.0,1.0
1600,0.0,-300.0,50.0,1.0
715,0.0,-200.0,50.0,1.0
2489,0.0,-100.0,50.0,1.0
490,0.0,0.0,50.0,1.0
119,0.0,100.0,50.0,1.0
1618,0.0,200.0,50.0,1.0
1476,0.0,300.0,50.0,1.0
1232,100.0,-400.0,50.0,1.0
290,100.0,-300.0,50.0,1.0
1763,100.0,-200.0,50.0,1.0
994,100.0,-100.0,50.0,1.0
310,100.0,0.0,50.0,1.0
2232,100.0,100.0,50.0,1.0
1923,100.0,200.0,50.0,1.0
1318,100.0,300.0,50.0,1.0
2391,100.0,400.0,50.0,1.0
1921,200.0,-400.0,50.0,1.0
1334,200.0,-300.0,50.0,1.0
1516,200.0,-200.0,50.0,1.0
190,200.0,-100.0,50.0,1.0
1897,200.0,0.0,50.0,1.0
1459,200.0,100.0,50.0,1.0
2795,200.0,200.0,50.0,1.0
2122,200.0,300.0,50.0,1.0
2520,200.0,400.0,50.0,1.0
1457,300.0,-400.0,50.0,1.0
1751,300.0,-300.0,50.0,1.0
1991,300.0,-200.0,50.0,1.0
1583,300.0,-100.0,50.0,1.0
1202,300.0,0.0,50.0,1.0
2689,300.0,100.0,50.0,1.0
2338,300.0,200.0,50.0,1.0
2601,300.0,300.0,50.0,1.0
2201,300.0,400.0,50.0,1.0
2345,400.0,-400.0,50.0,1.0
1626,400.0,-300.0,50.0,1.0
358,400.0,-200.0,50.0,1.0
1093,400.0,-100.0,50.0,1.0
2434,400.0,0.0,50.0,1.0
2707,400.0,100.0,50.0,1.0
1737,400.0,200.0,50.0,1.0
2302,400.0,300.0,50.0,1.0
1443,400.0,400.0,50.0,1.0
566,-400.0,-400.0,75.0,0.2
1700,-400.0,-300.0,75.0,0.2
1819,-400.0,-200.0,75.0,0.2
1248,-400.0,-100.0,75.0,0.2
827,-400.0,0.0,75.0,0.2
2581,-400.0,100.0,75.0,0.2
2460,-400.0,200.0,75.0,0.2
2147,-400.0,300.0,75.0,0.2
430,-400.0,400.0,75.0,0.2
2191,-300.0,-400.0,75.0,0.2
2480,-300.0,-300.0,75.0,0.2
1873,-300.0,-200.0,75.0,0.2
862,-300.0,-100.0,75.0,0.2
2020,-300.0,0.0,75.0,0.2
2134,-300.0,100.0,75.0,0.2
752,-300.0,200.0,75.0,0.2
2418,-300.0,300.0,75.0,0.2
2241,-300.0,400.0,75.0,0.2
1952,-200.0,-400.0,75.0,0.2
2631,-200.0,-300.0,75.0,0.2
287,-200.0,-200.0,75.0,0.2
1553,-200.0,-100.0,75.0,0.2
1085,-200.0,0.0,75.0,0.2
2262,-200.0,100.0,75.0,0.2
570,-200.0,200.0,75.0,0.2
1507,-200.0,300.0,75.0,0.2
541,-200.0,400.0,75.0,0.2
2709,-100.0,-400.0,75.0,0.2
2194,-100.0,-300.0,75.0,0.2
398,-100.0,-200.0,75.0,0.2
1510,-100.0,-100.0,75.0,0.2
901,-100.0,0.0,75.0,0.2
1360,-100.0,100.0,75.0,0.2
980,-100.0,200.0,75.0,0.2
867,-100.0,300.0,75.0,0.2
451,-100.0,400.0,75.0,0.2
1465,0.0,-400.0,75.0,0.2
1435,0.0,-300.0,75.0,0.2
1273,0.0,-200.0,75.0,0.2
1039,0.0,-100.0,75.0,0.2
311,0.0,0.0,75.0,0.2
1294,0.0,100.0,75.0,0.2
1759,0.0,200.0,75.0,0.2
1351,0.0,300.0,75.0,0.2
1803,100.0,-400.0,75.0,0.2
1498,100.0,-300.0,75.0,0.2
2255,100.0,-200.0,75.0,0.2
2270,100.0,-100.0,75.0,0.2
2526,100.0,0.0,75.0,0.2
2666,100.0,100.0,75.0,0.2
1464,100.0,200.0,75.0,0.2
885,100.0,300.0,75.0,0.2
123,100.0,400.0,75.0,0.2
2794,200.0,-400.0,75.0,0.2
892,200.0,-300.0,75.0,0.2
1755,200.0,-200.0,75.0,0.2
409,200.0,-100.0,75.0,0.2
2538,200.0,0.0,75.0,0.2
573,200.0,100.0,75.0,0.2
269,200.0,200.0,75.0,0.2
2243,200.0,300.0,75.0,0.2
169,200.0,400.0,75.0,0.2
1685,300.0,-400.0,75.0,0.2
910,300.0,-300.0,75.0,0.2
1928,300.0,-200.0,75.0,0.2
2004,300.0,-100.0,75.0,0.2
1447,300.0,0.0,75.0,0.2
694,300.0,100.0,75.0,0.2
1419,300.0,200.0,75.0,0.2
799,300.0,300.0,75.0,0.2
2643,300.0,400.0,75.0,0.2
2266,400.0,-400.0,75.0,0.2
133,400.0,-300.0,75.0,0.2
200,400.0,-200.0,75.0,0.2
79,400.0,-100.0,75.0,0.2
2244,400.0,0.0,75.0,0.2
1104,400.0,100.0,75.0,0.2
1300,400.0,200.0,75.0,0.2
974,400.0,300.0,75.0,0.2
1449,400.0,400.0,75.0,0.2
728,-400.0,-400.0,75.0,0.4
2245,-400.0,-300.0,75.0,0.4
780,-400.0,-200.0,75.0,0.4
2041,-400.0,-100.0,75.0,0.4
1101,-400.0,0.0,75.0,0.4
1032,-400.0,100.0,75.0,0.4
2322,-400.0,200.0,75.0,0.4
1150,-400.0,300.0,75.0,0.4
34,-400.0,400.0,75.0,0.4
228,-300.0,-400.0,75.0,0.4
1036,-300.0,-300.0,75.0,0.4
1534,-300.0,-200.0,75.0,0.4
1865,-300.0,-100.0,75.0,0.4
432,-300.0,0.0,75.0,0.4
1586,-300.0,100.0,75.0,0.4
1028,-300.0,200.0,75.0,0.4
207,-300.0,300.0,75.0,0.4
425,-300.0,400.0,75.0,0.4
884,-200.0,-400.0,75.0,0.4
969,-200.0,-300.0,75.0,0.4
544,-200.0,-200.0,75.0,0.4
2420,-200.0,-100.0,75.0,0.4
1557,-200.0,0.0,75.0,0.4
2300,-200.0,100.0,75.0,0.4
1352,-200.0,200.0,75.0,0.4
445,-200.0,300.0,75.0,0.4
1830,-200.0,400.0,75.0,0.4
2014,-100.0,-400.0,75.0,0.4
1944,-100.0,-300.0,75.0,0.4
2673,-100.0,-200.0,75.0,0.4
2105,-100.0,-100.0,75.0,0.4
579,-100.0,0.0,75.0,0.4
646,-100.0,100.0,75.0,0.4
1816,-100.0,200.0,75.0,0.4
1249,-100.0,300.0,75.0,0.4
382,-100.0,400.0,75.0,0.4
454,0.0,-400.0,75.0,0.4
176,0.0,-300.0,75.0,0.4
2275,0.0,-200.0,75.0,0.4
1617,0.0,-100.0,75.0,0.4
939,0.0,0.0,75.0,0.4
2790,0.0,100.0,75.0,0.4
138,0.0,200.0,75.0,0.4
1083,0.0,300.0,75.0,0.4
449,100.0,-400.0,75.0,0.4
1473,100.0,-300.0,75.0,0.4
1142,100.0,-200.0,75.0,0.4
2303,100.0,-100.0,75.0,0.4
2320,100.0,0.0,75.0,0.4
2324,100.0,100.0,75.0,0.4
1852,100.0,200.0,75.0,0.4
274,100.0,300.0,75.0,0.4
681,100.0,400.0,75.0,0.4
2246,200.0,-400.0,75.0,0.4
1271,200.0,-300.0,75.0,0.4
594,200.0,-200.0,75.0,0.4
496,200.0,-100.0,75.0,0.4
979,200.0,0.0,75.0,0.4
1956,200.0,100.0,75.0,0.4
349,200.0,200.0,75.0,0.4
1173,200.0,300.0,75.0,0.4
557,200.0,400.0,75.0,0.4
854,300.0,-400.0,75.0,0.4
1132,300.0,-300.0,75.0,0.4
653,300.0,-200.0,75.0,0.4
851,300.0,-100.0,75.0,0.4
2089,300.0,0.0,75.0,0.4
1026,300.0,100.0,75.0,0.4
2258,300.0,200.0,75.0,0.4
1414,300.0,300.0,75.0,0.4
2076,300.0,400.0,75.0,0.4
1413,400.0,-400.0,75.0,0.4
1205,400.0,-300.0,75.0,0.4
745,400.0,-200.0,75.0,0.4
2389,400.0,-100.0,75.0,0.4
1972,400.0,0.0,75.0,0.4
1382,400.0,100.0,75.0,0.4
2203,400.0,200.0,75.0,0.4
1689,400.0,300.0,75.0,0.4
1243,400.0,400.0,75.0,0.4
903,-400.0,-400.0,75.0,0.6
1395,-400.0,-300.0,75.0,0.6
13,-400.0,-200.0,75.0,0.6
2742,-400.0,-100.0,75.0,0.6
838,-400.0,0.0,75.0,0.6
1206,-400.0,100.0,75.0,0.6
2410,-400.0,200.0,75.0,0.6
2103,-400.0,300.0,75.0,0.6
1384,-400.0,400.0,75.0,0.6
643,-300.0,-400.0,75.0,0.6
1214,-300.0,-300.0,75.0,0.6
1067,-300.0,-200.0,75.0,0.6
1127,-300.0,-100.0,75.0,0.6
2079,-300.0,0.0,75.0,0.6
2765,-300.0,100.0,75.0,0.6
124,-300.0,200.0,75.0,0.6
907,-300.0,300.0,75.0,0.6
611,-300.0,400.0,75.0,0.6
1876,-200.0,-400.0,75.0,0.6
2083,-200.0,-300.0,75.0,0.6
2756,-200.0,-200.0,75.0,0.6
1424,-200.0,-100.0,75.0,0.6
2516,-200.0,0.0,75.0,0.6
473,-200.0,100.0,75.0,0.6
282,-200.0,200.0,75.0,0.6
40,-200.0,300.0,75.0,0.6
772,-200.0,400.0,75.0,0.6
2328,-100.0,-400.0,75.0,0.6
373,-100.0,-300.0,75.0,0.6
1169,-100.0,-200.0,75.0,0.6
2415,-100.0,-100.0,75.0,0.6
2486,-100.0,0.0,75.0,0.6
71,-100.0,100.0,75.0,0.6
1742,-100.0,200.0,75.0,0.6
1698,-100.0,300.0,75.0,0.6
2325,-100.0,400.0,75.0,0.6
601,0.0,-400.0,75.0,0.6
2727,0.0,-300.0,75.0,0.6
1976,0.0,-200.0,75.0,0.6
1377,0.0,-100.0,75.0,0.6
1995,0.0,0.0,75.0,0.6
1982,0.0,100.0,75.0,0.6
2488,0.0,200.0,75.0,0.6
757,0.0,300.0,75.0,0.6
711,100.0,-400.0,75.0,0.6
1006,100.0,-300.0,75.0,0.6
117,100.0,-200.0,75.0,0.6
152,100.0,-100.0,75.0,0.6
808,100.0,0.0,75.0,0.6
2430,100.0,100.0,75.0,0.6
54,100.0,200.0,75.0,0.6
2026,100.0,300.0,75.0,0.6
423,100.0,400.0,75.0,0.6
2679,200.0,-400.0,75.0,0.6
1238,200.0,-300.0,75.0,0.6
272,200.0,-200.0,75.0,0.6
2334,200.0,-100.0,75.0,0.6
1892,200.0,0.0,75.0,0.6
2621,200.0,100.0,75.0,0.6
1368,200.0,200.0,75.0,0.6
1946,200.0,300.0,75.0,0.6
770,200.0,400.0,75.0,0.6
1967,300.0,-400.0,75.0,0.6
553,300.0,-300.0,75.0,0.6
1542,300.0,-200.0,75.0,0.6
648,300.0,-100.0,75.0,0.6
1769,300.0,0.0,75.0,0.6
521,300.0,100.0,75.0,0.6
693,300.0,200.0,75.0,0.6
1594,300.0,300.0,75.0,0.6
2161,300.0,400.0,75.0,0.6
2417,400.0,-400.0,75.0,0.6
1610,400.0,-300.0,75.0,0.6
41,400.0,-200.0,75.0,0.6
2252,400.0,-100.0,75.0,0.6
1258,400.0,0.0,75.0,0.6
1904,400.0,100.0,75.0,0.6
2667,400.0,200.0,75.0,0.6
839,400.0,300.0,75.0,0.6
1279,400.0,400.0,75.0,0.6
1478,-400.0,-400.0,75.0,0.8
1922,-400.0,-300.0,75.0,0.8
1660,-400.0,-200.0,75.0,0.8
2299,-400.0,-100.0,75.0,0.8
1656,-400.0,0.0,75.0,0.8
1392,-400.0,100.0,75.0,0.8
1135,-400.0,200.0,75.0,0.8
1162,-400.0,300.0,75.0,0.8
331,-400.0,400.0,75.0,0.8
1042,-300.0,-400.0,75.0,0.8
1593,-300.0,-300.0,75.0,0.8
2668,-300.0,-200.0,75.0,0.8
2606,-300.0,-100.0,75.0,0.8
1077,-300.0,0.0,75.0,0.8
2199,-300.0,100.0,75.0,0.8
1355,-300.0,200.0,75.0,0.8
2743,-300.0,300.0,75.0,0.8
1983,-300.0,400.0,75.0,0.8
1731,-200.0,-400.0,75.0,0.8
1947,-200.0,-300.0,75.0,0.8
2468,-200.0,-200.0,75.0,0.8
1445,-200.0,-100.0,75.0,0.8
1254,-200.0,0.0,75.0,0.8
1860,-200.0,100.0,75.0,0.8
1768,-200.0,200.0,75.0,0.8
1888,-200.0,300.0,75.0,0.8
2589,-200.0,400.0,75.0,0.8
1019,-100.0,-400.0,75.0,0.8
383,-100.0,-300.0,75.0,0.8
1941,-100.0,-200.0,75.0,0.8
1766,-100.0,-100.0,75.0,0.8
2494,-100.0,0.0,75.0,0.8
511,-100.0,100.0,75.0,0.8
1765,-100.0,200.0,75.0,0.8
2069,-100.0,300.0,75.0,0.8
1462,-100.0,400.0,75.0,0.8
602,0.0,-400.0,75.0,0.8
1909,0.0,-300.0,75.0,0.8
2682,0.0,-200.0,75.0,0.8
2167,0.0,-100.0,75.0,0.8
1053,0.0,0.0,75.0,0.8
2613,0.0,100.0,75.0,0.8
126,0.0,200.0,75.0,0.8
2478,0.0,300.0,75.0,0.8
2596,100.0,-400.0,75.0,0.8
2051,100.0,-300.0,75.0,0.8
1645,100.0,-200.0,75.0,0.8
2304,100.0,-100.0,75.0,0.8
2552,100.0,0.0,75.0,0.8
1407,100.0,100.0,75.0,0.8
2483,100.0,200.0,75.0,0.8
1071,100.0,300.0,75.0,0.8
482,100.0,400.0,75.0,0.8
672,200.0,-400.0,75.0,0.8
2453,200.0,-300.0,75.0,0.8
1275,200.0,-200.0,75.0,0.8
1481,200.0,-100.0,75.0,0.8
1825,200.0,0.0,75.0,0.8
645,200.0,100.0,75.0,0.8
809,200.0,200.0,75.0,0.8
2500,200.0,300.0,75.0,0.8
2604,200.0,400.0,75.0,0.8
1170,300.0,-400.0,75.0,0.8
1522,300.0,-300.0,75.0,0.8
2376,300.0,-200.0,75.0,0.8
2481,300.0,-100.0,75.0,0.8
1015,300.0,0.0,75.0,0.8
829,300.0,100.0,75.0,0.8
2156,300.0,200.0,75.0,0.8
1343,300.0,300.0,75.0,0.8
2651,300.0,400.0,75.0,0.8
2766,400.0,-400.0,75.0,0.8
134,400.0,-300.0,75.0,0.8
2487,400.0,-200.0,75.0,0.8
1054,400.0,-100.0,75.0,0.8
1793,400.0,0.0,75.0,0.8
1309,400.0,100.0,75.0,0.8
1398,400.0,200.0,75.0,0.8
460,400.0,300.0,75.0,0.8
1684,400.0,400.0,75.0,0.8
1425,-400.0,-400.0,75.0,1.0
1261,-400.0,-300.0,75.0,1.0
2028,-400.0,-200.0,75.0,1.0
173,-400.0,-100.0,75.0,1.0
1734,-400.0,0.0,75.0,1.0
2785,-400.0,100.0,75.0,1.0
2713,-400.0,200.0,75.0,1.0
2048,-400.0,300.0,75.0,1.0
1764,-400.0,400.0,75.0,1.0
756,-300.0,-400.0,75.0,1.0
1670,-300.0,-300.0,75.0,1.0
1438,-300.0,-200.0,75.0,1.0
1051,-300.0,-100.0,75.0,1.0
1511,-300.0,0.0,75.0,1.0
103,-300.0,100.0,75.0,1.0
2523,-300.0,200.0,75.0,1.0
2032,-300.0,300.0,75.0,1.0
2205,-300.0,400.0,75.0,1.0
2268,-200.0,-400.0,75.0,1.0
970,-200.0,-300.0,75.0,1.0
1849,-200.0,-200.0,75.0,1.0
2078,-200.0,-100.0,75.0,1.0
846,-200.0,0.0,75.0,1.0
336,-200.0,100.0,75.0,1.0
1488,-200.0,200.0,75.0,1.0
180,-200.0,300.0,75.0,1.0
1725,-200.0,400.0,75.0,1.0
651,-100.0,-400.0,75.0,1.0
1490,-100.0,-300.0,75.0,1.0
1260,-100.0,-200.0,75.0,1.0
2138,-100.0,-100.0,75.0,1.0
251,-100.0,0.0,75.0,1.0
1871,-100.0,100.0,75.0,1.0
296,-100.0,200.0,75.0,1.0
655,-100.0,300.0,75.0,1.0
1809,-100.0,400.0,75.0,1.0
516,0.0,-400.0,75.0,1.0
2749,0.0,-300.0,75.0,1.0
2217,0.0,-200.0,75.0,1.0
2046,0.0,-100.0,75.0,1.0
2625,0.0,0.0,75.0,1.0
1155,0.0,100.0,75.0,1.0
2469,0.0,200.0,75.0,1.0
1989,0.0,300.0,75.0,1.0
957,100.0,-400.0,75.0,1.0
962,100.0,-300.0,75.0,1.0
280,100.0,-200.0,75.0,1.0
1319,100.0,-100.0,75.0,1.0
1848,100.0,0.0,75.0,1.0
927,100.0,100.0,75.0,1.0
718,100.0,200.0,75.0,1.0
2019,100.0,300.0,75.0,1.0
1182,100.0,400.0,75.0,1.0
1524,200.0,-400.0,75.0,1.0
853,200.0,-300.0,75.0,1.0
1577,200.0,-200.0,75.0,1.0
1125,200.0,-100.0,75.0,1.0
2367,200.0,0.0,75.0,1.0
1140,200.0,100.0,75.0,1.0
462,200.0,200.0,75.0,1.0
2368,200.0,300.0,75.0,1.0
767,200.0,400.0,75.0,1.0
2371,300.0,-400.0,75.0,1.0
2063,300.0,-300.0,75.0,1.0
227,300.0,-200.0,75.0,1.0
1333,300.0,-100.0,75.0,1.0
1678,300.0,0.0,75.0,1.0
219,300.0,100.0,75.0,1.0
1950,300.0,200.0,75.0,1.0
1739,300.0,300.0,75.0,1.0
1009,300.0,400.0,75.0,1.0
1412,400.0,-400.0,75.0,1.0
1345,400.0,-300.0,75.0,1.0
699,400.0,-200.0,75.0,1.0
1891,400.0,-100.0,75.0,1.0
388,400.0,0.0,75.0,1.0
215,400.0,100.0,75.0,1.0
1795,400.0,200.0,75.0,1.0
2178,400.0,300.0,75.0,1.0
464,400.0,400.0,75.0,1.0
2502,-400.0,-400.0,100.0,0.2
2118,-400.0,-300.0,100.0,0.2
2561,-400.0,-200.0,100.0,0.2
836,-400.0,-100.0,100.0,0.2
151,-400.0,0.0,100.0,0.2
1907,-400.0,100.0,100.0,0.2
1327,-400.0,200.0,100.0,0.2
1052,-400.0,300.0,100.0,0.2
2443,-400.0,400.0,100.0,0.2
2449,-300.0,-400.0,100.0,0.2
1400,-300.0,-300.0,100.0,0.2
1861,-300.0,-200.0,100.0,0.2
2125,-300.0,-100.0,100.0,0.2
2532,-300.0,0.0,100.0,0.2
1074,-300.0,100.0,100.0,0.2
1044,-300.0,200.0,100.0,0.2
1957,-300.0,300.0,100.0,0.2
48,-300.0,400.0,100.0,0.2
2174,-200.0,-400.0,100.0,0.2
1359,-200.0,-300.0,100.0,0.2
1716,-200.0,-200.0,100.0,0.2
1168,-200.0,-100.0,100.0,0.2
294,-200.0,0.0,100.0,0.2
2649,-200.0,100.0,100.0,0.2
946,-200.0,200.0,100.0,0.2
632,-200.0,300.0,100.0,0.2
583,-200.0,400.0,100.0,0.2
1181,-100.0,-400.0,100.0,0.2
1487,-100.0,-300.0,100.0,0.2
156,-100.0,-200.0,100.0,0.2
2540,-100.0,-100.0,100.0,0.2
826,-100.0,0.0,100.0,0.2
1868,-100.0,100.0,100.0,0.2
179,-100.0,200.0,100.0,0.2
1494,-100.0,300.0,100.0,0.2
374,-100.0,400.0,100.0,0.2
2471,0.0,-400.0,100.0,0.2
1209,0.0,-300.0,100.0,0.2
2768,0.0,-200.0,100.0,0.2
2173,0.0,-100.0,100.0,0.2
1551,0.0,0.0,100.0,0.2
709,0.0,100.0,100.0,0.2
1548,0.0,200.0,100.0,0.2
525,0.0,300.0,100.0,0.2
2527,100.0,-400.0,100.0,0.2
411,100.0,-300.0,100.0,0.2
470,100.0,-200.0,100.0,0.2
185,100.0,-100.0,100.0,0.2
385,100.0,0.0,100.0,0.2
1651,100.0,100.0,100.0,0.2
1180,100.0,200.0,100.0,0.2
1834,100.0,300.0,100.0,0.2
2254,100.0,400.0,100.0,0.2
392,200.0,-400.0,100.0,0.2
1948,200.0,-300.0,100.0,0.2
818,200.0,-200.0,100.0,0.2
2504,200.0,-100.0,100.0,0.2
2543,200.0,0.0,100.0,0.2
1058,200.0,100.0,100.0,0.2
412,200.0,200.0,100.0,0.2
1841,200.0,300.0,100.0,0.2
2761,200.0,400.0,100.0,0.2
463,300.0,-400.0,100.0,0.2
1962,300.0,-300.0,100.0,0.2
67,300.0,-200.0,100.0,0.2
2330,300.0,-100.0,100.0,0.2
996,300.0,0.0,100.0,0.2
1653,300.0,100.0,100.0,0.2
1703,300.0,200.0,100.0,0.2
2691,300.0,300.0,100.0,0.2
1674,300.0,400.0,100.0,0.2
2038,400.0,-400.0,100.0,0.2
1423,400.0,-300.0,100.0,0.2
712,400.0,-200.0,100.0,0.2
865,400.0,-100.0,100.0,0.2
1210,400.0,0.0,100.0,0.2
1201,400.0,100.0,100.0,0.2
232,400.0,200.0,100.0,0.2
2476,400.0,300.0,100.0,0.2
1571,400.0,400.0,100.0,0.2
621,-400.0,-400.0,100.0,0.4
2144,-400.0,-300.0,100.0,0.4
2452,-400.0,-200.0,100.0,0.4
1772,-400.0,-100.0,100.0,0.4
1508,-400.0,0.0,100.0,0.4
472,-400.0,100.0,100.0,0.4
1740,-400.0,200.0,100.0,0.4
1483,-400.0,300.0,100.0,0.4
2151,-400.0,400.0,100.0,0.4
345,-300.0,-400.0,100.0,0.4
558,-300.0,-300.0,100.0,0.4
529,-300.0,-200.0,100.0,0.4
576,-300.0,-100.0,100.0,0.4
1531,-300.0,0.0,100.0,0.4
226,-300.0,100.0,100.0,0.4
1065,-300.0,200.0,100.0,0.4
1882,-300.0,300.0,100.0,0.4
791,-300.0,400.0,100.0,0.4
582,-200.0,-400.0,100.0,0.4
627,-200.0,-300.0,100.0,0.4
807,-200.0,-200.0,100.0,0.4
517,-200.0,-100.0,100.0,0.4
749,-200.0,0.0,100.0,0.4
1832,-200.0,100.0,100.0,0.4
316,-200.0,200.0,100.0,0.4
539,-200.0,300.0,100.0,0.4
2233,-200.0,400.0,100.0,0.4
1216,-100.0,-400.0,100.0,0.4
1504,-100.0,-300.0,100.0,0.4
2475,-100.0,-200.0,100.0,0.4
2088,-100.0,-100.0,100.0,0.4
1092,-100.0,0.0,100.0,0.4
435,-100.0,100.0,100.0,0.4
283,-100.0,200.0,100.0,0.4
2267,-100.0,300.0,100.0,0.4
1715,-100.0,400.0,100.0,0.4
1029,0.0,-400.0,100.0,0.4
556,0.0,-300.0,100.0,0.4
1939,0.0,-200.0,100.0,0.4
2450,0.0,-100.0,100.0,0.4
519,0.0,0.0,100.0,0.4
277,0.0,100.0,100.0,0.4
2574,0.0,200.0,100.0,0.4
1843,0.0,300.0,100.0,0.4
1228,100.0,-400.0,100.0,0.4
1883,100.0,-300.0,100.0,0.4
2717,100.0,-200.0,100.0,0.4
2140,100.0,-100.0,100.0,0.4
1615,100.0,0.0,100.0,0.4
1569,100.0,100.0,100.0,0.4
183,100.0,200.0,100.0,0.4
2624,100.0,300.0,100.0,0.4
2143,100.0,400.0,100.0,0.4
820,200.0,-400.0,100.0,0.4
2612,200.0,-300.0,100.0,0.4
1662,200.0,-200.0,100.0,0.4
1399,200.0,-100.0,100.0,0.4
47,200.0,0.0,100.0,0.4
65,200.0,100.0,100.0,0.4
63,200.0,200.0,100.0,0.4
754,200.0,300.0,100.0,0.4
484,200.0,400.0,100.0,0.4
1276,300.0,-400.0,100.0,0.4
2723,300.0,-300.0,100.0,0.4
871,300.0,-200.0,100.0,0.4
928,300.0,-100.0,100.0,0.4
1361,300.0,0.0,100.0,0.4
1409,300.0,100.0,100.0,0.4
246,300.0,200.0,100.0,0.4
356,300.0,300.0,100.0,0.4
1195,300.0,400.0,100.0,0.4
2318,400.0,-400.0,100.0,0.4
1027,400.0,-300.0,100.0,0.4
1314,400.0,-200.0,100.0,0.4
2384,400.0,-100.0,100.0,0.4
2685,400.0,0.0,100.0,0.4
1346,400.0,100.0,100.0,0.4
22,400.0,200.0,100.0,0.4
1233,400.0,300.0,100.0,0.4
369,400.0,400.0,100.0,0.4
2353,-400.0,-400.0,100.0,0.6
1693,-400.0,-300.0,100.0,0.6
162,-400.0,-200.0,100.0,0.6
1576,-400.0,-100.0,100.0,0.6
701,-400.0,0.0,100.0,0.6
1160,-400.0,100.0,100.0,0.6
381,-400.0,200.0,100.0,0.6
2730,-400.0,300.0,100.0,0.6
104,-400.0,400.0,100.0,0.6
531,-300.0,-400.0,100.0,0.6
1635,-300.0,-300.0,100.0,0.6
387,-300.0,-200.0,100.0,0.6
2497,-300.0,-100.0,100.0,0.6
2652,-300.0,0.0,100.0,0.6
1798,-300.0,100.0,100.0,0.6
2492,-300.0,200.0,100.0,0.6
1748,-300.0,300.0,100.0,0.6
2168,-300.0,400.0,100.0,0.6
1696,-200.0,-400.0,100.0,0.6
977,-200.0,-300.0,100.0,0.6
1131,-200.0,-200.0,100.0,0.6
1702,-200.0,-100.0,100.0,0.6
615,-200.0,0.0,100.0,0.6
1148,-200.0,100.0,100.0,0.6
1433,-200.0,200.0,100.0,0.6
1369,-200.0,300.0,100.0,0.6
1644,-200.0,400.0,100.0,0.6
2027,-100.0,-400.0,100.0,0.6
447,-100.0,-300.0,100.0,0.6
588,-100.0,-200.0,100.0,0.6
1444,-100.0,-100.0,100.0,0.6
1313,-100.0,0.0,100.0,0.6
1925,-100.0,100.0,100.0,0.6
1544,-100.0,200.0,100.0,0.6
803,-100.0,300.0,100.0,0.6
2704,-100.0,400.0,100.0,0.6
811,0.0,-400.0,100.0,0.6
2747,0.0,-300.0,100.0,0.6
1121,0.0,-200.0,100.0,0.6
1190,0.0,-100.0,100.0,0.6
2605,0.0,0.0,100.0,0.6
199,0.0,100.0,100.0,0.6
781,0.0,200.0,100.0,0.6
1754,0.0,300.0,100.0,0.6
2554,100.0,-400.0,100.0,0.6
1375,100.0,-300.0,100.0,0.6
2799,100.0,-200.0,100.0,0.6
2171,100.0,-100.0,100.0,0.6
2062,100.0,0.0,100.0,0.6
2690,100.0,100.0,100.0,0.6
261,100.0,200.0,100.0,0.6
616,100.0,300.0,100.0,0.6
2720,100.0,400.0,100.0,0.6
2638,200.0,-400.0,100.0,0.6
961,200.0,-300.0,100.0,0.6
2106,200.0,-200.0,100.0,0.6
2117,200.0,-100.0,100.0,0.6
1237,200.0,0.0,100.0,0.6
1961,200.0,100.0,100.0,0.6
2787,200.0,200.0,100.0,0.6
107,200.0,300.0,100.0,0.6
2694,200.0,400.0,100.0,0.6
1727,300.0,-400.0,100.0,0.6
2728,300.0,-300.0,100.0,0.6
1518,300.0,-200.0,100.0,0.6
73,300.0,-100.0,100.0,0.6
2424,300.0,0.0,100.0,0.6
2145,300.0,100.0,100.0,0.6
1994,300.0,200.0,100.0,0.6
2573,300.0,300.0,100.0,0.6
790,300.0,400.0,100.0,0.6
1120,400.0,-400.0,100.0,0.6
165,400.0,-300.0,100.0,0.6
828,400.0,-200.0,100.0,0.6
746,400.0,-100.0,100.0,0.6
1011,400.0,0.0,100.0,0.6
2361,400.0,100.0,100.0,0.6
2648,400.0,200.0,100.0,0.6
62,400.0,300.0,100.0,0.6
2386,400.0,400.0,100.0,0.6
95,-400.0,-400.0,100.0,0.8
161,-400.0,-300.0,100.0,0.8
2579,-400.0,-200.0,100.0,0.8
1139,-400.0,-100.0,100.0,0.8
1580,-400.0,0.0,100.0,0.8
831,-400.0,100.0,100.0,0.8
2066,-400.0,200.0,100.0,0.8
1332,-400.0,300.0,100.0,0.8
168,-400.0,400.0,100.0,0.8
2623,-300.0,-400.0,100.0,0.8
1242,-300.0,-300.0,100.0,0.8
524,-300.0,-200.0,100.0,0.8
57,-300.0,-100.0,100.0,0.8
817,-300.0,0.0,100.0,0.8
1353,-300.0,100.0,100.0,0.8
1386,-300.0,200.0,100.0,0.8
50,-300.0,300.0,100.0,0.8
2560,-300.0,400.0,100.0,0.8
146,-200.0,-400.0,100.0,0.8
2783,-200.0,-300.0,100.0,0.8
1760,-200.0,-200.0,100.0,0.8
1394,-200.0,-100.0,100.0,0.8
636,-200.0,0.0,100.0,0.8
2053,-200.0,100.0,100.0,0.8
1405,-200.0,200.0,100.0,0.8
1301,-200.0,300.0,100.0,0.8
923,-200.0,400.0,100.0,0.8
640,-100.0,-400.0,100.0,0.8
16,-100.0,-300.0,100.0,0.8
400,-100.0,-200.0,100.0,0.8
177,-100.0,-100.0,100.0,0.8
1430,-100.0,0.0,100.0,0.8
379,-100.0,100.0,100.0,0.8
895,-100.0,200.0,100.0,0.8
563,-100.0,300.0,100.0,0.8
1566,-100.0,400.0,100.0,0.8
2297,0.0,-400.0,100.0,0.8
1124,0.0,-300.0,100.0,0.8
2716,0.0,-200.0,100.0,0.8
784,0.0,-100.0,100.0,0.8
806,0.0,0.0,100.0,0.8
966,0.0,100.0,100.0,0.8
53,0.0,200.0,100.0,0.8
2403,0.0,300.0,100.0,0.8
413,100.0,-400.0,100.0,0.8
2413,100.0,-300.0,100.0,0.8
1499,100.0,-200.0,100.0,0.8
634,100.0,-100.0,100.0,0.8
444,100.0,0.0,100.0,0.8
1166,100.0,100.0,100.0,0.8
408,100.0,200.0,100.0,0.8
1997,100.0,300.0,100.0,0.8
194,100.0,400.0,100.0,0.8
170,200.0,-400.0,100.0,0.8
2280,200.0,-300.0,100.0,0.8
2007,200.0,-200.0,100.0,0.8
1252,200.0,-100.0,100.0,0.8
2373,200.0,0.0,100.0,0.8
750,200.0,100.0,100.0,0.8
2332,200.0,200.0,100.0,0.8
299,200.0,300.0,100.0,0.8
1623,200.0,400.0,100.0,0.8
1536,300.0,-400.0,100.0,0.8
704,300.0,-300.0,100.0,0.8
1690,300.0,-200.0,100.0,0.8
8,300.0,-100.0,100.0,0.8
1773,300.0,0.0,100.0,0.8
2344,300.0,100.0,100.0,0.8
2242,300.0,200.0,100.0,0.8
298,300.0,300.0,100.0,0.8
237,300.0,400.0,100.0,0.8
105,400.0,-400.0,100.0,0.8
925,400.0,-300.0,100.0,0.8
1802,400.0,-200.0,100.0,0.8
509,400.0,-100.0,100.0,0.8
1775,400.0,0.0,100.0,0.8
2382,400.0,100.0,100.0,0.8
1924,400.0,200.0,100.0,0.8
2042,400.0,300.0,100.0,0.8
2525,400.0,400.0,100.0,0.8
578,-400.0,-400.0,100.0,1.0
43,-400.0,-300.0,100.0,1.0
1657,-400.0,-200.0,100.0,1.0
1031,-400.0,-100.0,100.0,1.0
1503,-400.0,0.0,100.0,1.0
1429,-400.0,100.0,100.0,1.0
1471,-400.0,200.0,100.0,1.0
149,-400.0,300.0,100.0,1.0
145,-400.0,400.0,100.0,1.0
2003,-300.0,-400.0,100.0,1.0
1835,-300.0,-300.0,100.0,1.0
2070,-300.0,-200.0,100.0,1.0
1207,-300.0,-100.0,100.0,1.0
2257,-300.0,0.0,100.0,1.0
2005,-300.0,100.0,100.0,1.0
2323,-300.0,200.0,100.0,1.0
204,-300.0,300.0,100.0,1.0
506,-300.0,400.0,100.0,1.0
1479,-200.0,-400.0,100.0,1.0
1856,-200.0,-300.0,100.0,1.0
2112,-200.0,-200.0,100.0,1.0
2155,-200.0,-100.0,100.0,1.0
2126,-200.0,0.0,100.0,1.0
2091,-200.0,100.0,100.0,1.0
956,-200.0,200.0,100.0,1.0
2056,-200.0,300.0,100.0,1.0
2663,-200.0,400.0,100.0,1.0
2655,-100.0,-400.0,100.0,1.0
1528,-100.0,-300.0,100.0,1.0
2360,-100.0,-200.0,100.0,1.0
2752,-100.0,-100.0,100.0,1.0
2286,-100.0,0.0,100.0,1.0
137,-100.0,100.0,100.0,1.0
1072,-100.0,200.0,100.0,1.0
1746,-100.0,300.0,100.0,1.0
758,-100.0,400.0,100.0,1.0
2563,0.0,-400.0,100.0,1.0
1217,0.0,-300.0,100.0,1.0
1770,0.0,-200.0,100.0,1.0
911,0.0,-100.0,100.0,1.0
440,0.0,0.0,100.0,1.0
1482,0.0,100.0,100.0,1.0
1341,0.0,200.0,100.0,1.0
1741,0.0,300.0,100.0,1.0
420,100.0,-400.0,100.0,1.0
1554,100.0,-300.0,100.0,1.0
1919,100.0,-200.0,100.0,1.0
1239,100.0,-100.0,100.0,1.0
2287,100.0,0.0,100.0,1.0
2160,100.0,100.0,100.0,1.0
129,100.0,200.0,100.0,1.0
819,100.0,300.0,100.0,1.0
2549,100.0,400.0,100.0,1.0
1641,200.0,-400.0,100.0,1.0
690,200.0,-300.0,100.0,1.0
2113,200.0,-200.0,100.0,1.0
2190,200.0,-100.0,100.0,1.0
1889,200.0,0.0,100.0,1.0
2218,200.0,100.0,100.0,1.0
1598,200.0,200.0,100.0,1.0
1350,200.0,300.0,100.0,1.0
1193,200.0,400.0,100.0,1.0
2412,300.0,-400.0,100.0,1.0
955,300.0,-300.0,100.0,1.0
649,300.0,-200.0,100.0,1.0
617,300.0,-100.0,100.0,1.0
1112,300.0,0.0,100.0,1.0
1805,300.0,100.0,100.0,1.0
940,300.0,200.0,100.0,1.0
130,300.0,300.0,100.0,1.0
1738,300.0,400.0,100.0,1.0
329,400.0,-400.0,100.0,1.0
1627,400.0,-300.0,100.0,1.0
2200,400.0,-200.0,100.0,1.0
97,400.0,-100.0,100.0,1.0
1,400.0,0.0,100.0,1.0
1847,400.0,100.0,100.0,1.0
1158,400.0,200.0,100.0,1.0
2015,400.0,300.0,100.0,1.0
268,400.0,400.0,100.0,1.0
1749,-400.0,-400.0,125.0,0.2
2071,-400.0,-300.0,125.0,0.2
1094,-400.0,-200.0,125.0,0.2
1389,-400.0,-100.0,125.0,0.2
913,-400.0,0.0,125.0,0.2
2505,-400.0,100.0,125.0,0.2
2080,-400.0,200.0,125.0,0.2
1103,-400.0,300.0,125.0,0.2
2340,-400.0,400.0,125.0,0.2
520,-300.0,-400.0,125.0,0.2
1455,-300.0,-300.0,125.0,0.2
2301,-300.0,-200.0,125.0,0.2
652,-300.0,-100.0,125.0,0.2
2711,-300.0,0.0,125.0,0.2
2380,-300.0,100.0,125.0,0.2
193,-300.0,200.0,125.0,0.2
564,-300.0,300.0,125.0,0.2
323,-300.0,400.0,125.0,0.2
685,-200.0,-400.0,125.0,0.2
1312,-200.0,-300.0,125.0,0.2
1930,-200.0,-200.0,125.0,0.2
466,-200.0,-100.0,125.0,0.2
2189,-200.0,0.0,125.0,0.2
1370,-200.0,100.0,125.0,0.2
1652,-200.0,200.0,125.0,0.2
1084,-200.0,300.0,125.0,0.2
1451,-200.0,400.0,125.0,0.2
1913,-100.0,-400.0,125.0,0.2
1165,-100.0,-300.0,125.0,0.2
2206,-100.0,-200.0,125.0,0.2
1241,-100.0,-100.0,125.0,0.2
2356,-100.0,0.0,125.0,0.2
100,-100.0,100.0,125.0,0.2
1985,-100.0,200.0,125.0,0.2
2636,-100.0,300.0,125.0,0.2
391,-100.0,400.0,125.0,0.2
2006,0.0,-400.0,125.0,0.2
2537,0.0,-300.0,125.0,0.2
1707,0.0,-200.0,125.0,0.2
981,0.0,-100.0,125.0,0.2
2010,0.0,0.0,125.0,0.2
1735,0.0,100.0,125.0,0.2
44,0.0,200.0,125.0,0.2
1658,0.0,300.0,125.0,0.2
1143,100.0,-400.0,125.0,0.2
1780,100.0,-300.0,125.0,0.2
983,100.0,-200.0,125.0,0.2
1800,100.0,-100.0,125.0,0.2
912,100.0,0.0,125.0,0.2
2237,100.0,100.0,125.0,0.2
522,100.0,200.0,125.0,0.2
160,100.0,300.0,125.0,0.2
344,100.0,400.0,125.0,0.2
318,200.0,-400.0,125.0,0.2
2098,200.0,-300.0,125.0,0.2
1411,200.0,-200.0,125.0,0.2
1208,200.0,-100.0,125.0,0.2
724,200.0,0.0,125.0,0.2
1263,200.0,100.0,125.0,0.2
1604,200.0,200.0,125.0,0.2
1713,200.0,300.0,125.0,0.2
1003,200.0,400.0,125.0,0.2
2131,300.0,-400.0,125.0,0.2
998,300.0,-300.0,125.0,0.2
12,300.0,-200.0,125.0,0.2
1069,300.0,-100.0,125.0,0.2
676,300.0,0.0,125.0,0.2
2660,300.0,100.0,125.0,0.2
847,300.0,200.0,125.0,0.2
2347,300.0,300.0,125.0,0.2
2196,300.0,400.0,125.0,0.2
764,400.0,-400.0,125.0,0.2
933,400.0,-300.0,125.0,0.2
514,400.0,-200.0,125.0,0.2
428,400.0,-100.0,125.0,0.2
1287,400.0,0.0,125.0,0.2
620,400.0,100.0,125.0,0.2
1213,400.0,200.0,125.0,0.2
610,400.0,300.0,125.0,0.2
2081,400.0,400.0,125.0,0.2
1176,-400.0,-400.0,125.0,0.4
424,-400.0,-300.0,125.0,0.4
297,-400.0,-200.0,125.0,0.4
2095,-400.0,-100.0,125.0,0.4
1466,-400.0,0.0,125.0,0.4
1111,-400.0,100.0,125.0,0.4
333,-400.0,200.0,125.0,0.4
1057,-400.0,300.0,125.0,0.4
481,-400.0,400.0,125.0,0.4
1381,-300.0,-400.0,125.0,0.4
1601,-300.0,-300.0,125.0,0.4
2463,-300.0,-200.0,125.0,0.4
1509,-300.0,-100.0,125.0,0.4
783,-300.0,0.0,125.0,0.4
2419,-300.0,100.0,125.0,0.4
371,-300.0,200.0,125.0,0.4
2692,-300.0,300.0,125.0,0.4
1971,-300.0,400.0,125.0,0.4
1041,-200.0,-400.0,125.0,0.4
1986,-200.0,-300.0,125.0,0.4
2422,-200.0,-200.0,125.0,0.4
2215,-200.0,-100.0,125.0,0.4
284,-200.0,0.0,125.0,0.4
1469,-200.0,100.0,125.0,0.4
2456,-200.0,200.0,125.0,0.4
106,-200.0,300.0,125.0,0.4
2778,-200.0,400.0,125.0,0.4
552,-100.0,-400.0,125.0,0.4
2495,-100.0,-300.0,125.0,0.4
713,-100.0,-200.0,125.0,0.4
2566,-100.0,-100.0,125.0,0.4
2466,-100.0,0.0,125.0,0.4
682,-100.0,100.0,125.0,0.4
302,-100.0,200.0,125.0,0.4
1572,-100.0,300.0,125.0,0.4
2629,-100.0,400.0,125.0,0.4
748,0.0,-400.0,125.0,0.4
1663,0.0,-300.0,125.0,0.4
1336,0.0,-200.0,125.0,0.4
747,0.0,-100.0,125.0,0.4
2013,0.0,0.0,125.0,0.4
1286,0.0,100.0,125.0,0.4
488,0.0,200.0,125.0,0.4
2195,0.0,300.0,125.0,0.4
2445,100.0,-400.0,125.0,0.4
1959,100.0,-300.0,125.0,0.4
309,100.0,-200.0,125.0,0.4
726,100.0,-100.0,125.0,0.4
1038,100.0,0.0,125.0,0.4
2152,100.0,100.0,125.0,0.4
675,100.0,200.0,125.0,0.4
139,100.0,300.0,125.0,0.4
1818,100.0,400.0,125.0,0.4
1259,200.0,-400.0,125.0,0.4
2597,200.0,-300.0,125.0,0.4
58,200.0,-200.0,125.0,0.4
127,200.0,-100.0,125.0,0.4
2408,200.0,0.0,125.0,0.4
2388,200.0,100.0,125.0,0.4
1676,200.0,200.0,125.0,0.4
753,200.0,300.0,125.0,0.4
75,200.0,400.0,125.0,0.4
1340,300.0,-400.0,125.0,0.4
2531,300.0,-300.0,125.0,0.4
1317,300.0,-200.0,125.0,0.4
2163,300.0,-100.0,125.0,0.4
691,300.0,0.0,125.0,0.4
132,300.0,100.0,125.0,0.4
2087,300.0,200.0,125.0,0.4
710,300.0,300.0,125.0,0.4
571,300.0,400.0,125.0,0.4
859,400.0,-400.0,125.0,0.4
2753,400.0,-300.0,125.0,0.4
1347,400.0,-200.0,125.0,0.4
2515,400.0,-100.0,125.0,0.4
2281,400.0,0.0,125.0,0.4
1682,400.0,100.0,125.0,0.4
2462,400.0,200.0,125.0,0.4
2754,400.0,300.0,125.0,0.4
2664,400.0,400.0,125.0,0.4
2186,-400.0,-400.0,125.0,0.6
603,-400.0,-300.0,125.0,0.6
1836,-400.0,-200.0,125.0,0.6
1331,-400.0,-100.0,125.0,0.6
1109,-400.0,0.0,125.0,0.6
2688,-400.0,100.0,125.0,0.6
731,-400.0,200.0,125.0,0.6
2059,-400.0,300.0,125.0,0.6
1537,-400.0,400.0,125.0,0.6
15,-300.0,-400.0,125.0,0.6
1059,-300.0,-300.0,125.0,0.6
1154,-300.0,-200.0,125.0,0.6
2426,-300.0,-100.0,125.0,0.6
1119,-300.0,0.0,125.0,0.6
1878,-300.0,100.0,125.0,0.6
1808,-300.0,200.0,125.0,0.6
1446,-300.0,300.0,125.0,0.6
1364,-300.0,400.0,125.0,0.6
1964,-200.0,-400.0,125.0,0.6
502,-200.0,-300.0,125.0,0.6
1277,-200.0,-200.0,125.0,0.6
1420,-200.0,-100.0,125.0,0.6
1629,-200.0,0.0,125.0,0.6
2259,-200.0,100.0,125.0,0.6
1628,-200.0,200.0,125.0,0.6
2474,-200.0,300.0,125.0,0.6
877,-200.0,400.0,125.0,0.6
741,-100.0,-400.0,125.0,0.6
267,-100.0,-300.0,125.0,0.6
1489,-100.0,-200.0,125.0,0.6
2108,-100.0,-100.0,125.0,0.6
2295,-100.0,0.0,125.0,0.6
2248,-100.0,100.0,125.0,0.6
17,-100.0,200.0,125.0,0.6
1194,-100.0,300.0,125.0,0.6
1885,-100.0,400.0,125.0,0.6
2427,0.0,-400.0,125.0,0.6
723,0.0,-300.0,125.0,0.6
555,0.0,-200.0,125.0,0.6
727,0.0,-100.0,125.0,0.6
2435,0.0,0.0,125.0,0.6
2577,0.0,100.0,125.0,0.6
1495,0.0,200.0,125.0,0.6
2142,0.0,300.0,125.0,0.6
2061,100.0,-400.0,125.0,0.6
2458,100.0,-300.0,125.0,0.6
1200,100.0,-200.0,125.0,0.6
370,100.0,-100.0,125.0,0.6
1562,100.0,0.0,125.0,0.6
2798,100.0,100.0,125.0,0.6
801,100.0,200.0,125.0,0.6
492,100.0,300.0,125.0,0.6
2124,100.0,400.0,125.0,0.6
186,200.0,-400.0,125.0,0.6
1128,200.0,-300.0,125.0,0.6
716,200.0,-200.0,125.0,0.6
1501,200.0,-100.0,125.0,0.6
1048,200.0,0.0,125.0,0.6
1401,200.0,100.0,125.0,0.6
1363,200.0,200.0,125.0,0.6
689,200.0,300.0,125.0,0.6
2448,200.0,400.0,125.0,0.6
595,300.0,-400.0,125.0,0.6
2758,300.0,-300.0,125.0,0.6
599,300.0,-200.0,125.0,0.6
1605,300.0,-100.0,125.0,0.6
899,300.0,0.0,125.0,0.6
1592,300.0,100.0,125.0,0.6
1325,300.0,200.0,125.0,0.6
1426,300.0,300.0,125.0,0.6
664,300.0,400.0,125.0,0.6
2659,400.0,-400.0,125.0,0.6
33,400.0,-300.0,125.0,0.6
260,400.0,-200.0,125.0,0.6
1915,400.0,-100.0,125.0,0.6
350,400.0,0.0,125.0,0.6
2310,400.0,100.0,125.0,0.6
2185,400.0,200.0,125.0,0.6
192,400.0,300.0,125.0,0.6
1732,400.0,400.0,125.0,0.6
1840,-400.0,-400.0,125.0,0.8
174,-400.0,-300.0,125.0,0.8
263,-400.0,-200.0,125.0,0.8
2193,-400.0,-100.0,125.0,0.8
1581,-400.0,0.0,125.0,0.8
2695,-400.0,100.0,125.0,0.8
696,-400.0,200.0,125.0,0.8
2179,-400.0,300.0,125.0,0.8
2626,-400.0,400.0,125.0,0.8
1454,-300.0,-400.0,125.0,0.8
1850,-300.0,-300.0,125.0,0.8
1589,-300.0,-200.0,125.0,0.8
2352,-300.0,-100.0,125.0,0.8
1049,-300.0,0.0,125.0,0.8
2514,-300.0,100.0,125.0,0.8
2385,-300.0,200.0,125.0,0.8
1102,-300.0,300.0,125.0,0.8
832,-300.0,400.0,125.0,0.8
2381,-200.0,-400.0,125.0,0.8
773,-200.0,-300.0,125.0,0.8
250,-200.0,-200.0,125.0,0.8
2585,-200.0,-100.0,125.0,0.8
1149,-200.0,0.0,125.0,0.8
919,-200.0,100.0,125.0,0.8
2702,-200.0,200.0,125.0,0.8
982,-200.0,300.0,125.0,0.8
213,-200.0,400.0,125.0,0.8
2393,-100.0,-400.0,125.0,0.8
1640,-100.0,-300.0,125.0,0.8
1191,-100.0,-200.0,125.0,0.8
700,-100.0,-100.0,125.0,0.8
1828,-100.0,0.0,125.0,0.8
1526,-100.0,100.0,125.0,0.8
1080,-100.0,200.0,125.0,0.8
418,-100.0,300.0,125.0,0.8
2213,-100.0,400.0,125.0,0.8
2676,0.0,-400.0,125.0,0.8
1136,0.0,-300.0,125.0,0.8
2358,0.0,-200.0,125.0,0.8
36,0.0,-100.0,125.0,0.8
1188,0.0,0.0,125.0,0.8
2214,0.0,100.0,125.0,0.8
2459,0.0,200.0,125.0,0.8
389,0.0,300.0,125.0,0.8
467,100.0,-400.0,125.0,0.8
88,100.0,-300.0,125.0,0.8
2284,100.0,-200.0,125.0,0.8
2378,100.0,-100.0,125.0,0.8
635,100.0,0.0,125.0,0.8
77,100.0,100.0,125.0,0.8
150,100.0,200.0,125.0,0.8
1665,100.0,300.0,125.0,0.8
2545,100.0,400.0,125.0,0.8
1297,200.0,-400.0,125.0,0.8
2773,200.0,-300.0,125.0,0.8
357,200.0,-200.0,125.0,0.8
1668,200.0,-100.0,125.0,0.8
1390,200.0,0.0,125.0,0.8
2431,200.0,100.0,125.0,0.8
577,200.0,200.0,125.0,0.8
1999,200.0,300.0,125.0,0.8
2084,200.0,400.0,125.0,0.8
1680,300.0,-400.0,125.0,0.8
707,300.0,-300.0,125.0,0.8
2726,300.0,-200.0,125.0,0.8
590,300.0,-100.0,125.0,0.8
1262,300.0,0.0,125.0,0.8
1774,300.0,100.0,125.0,0.8
937,300.0,200.0,125.0,0.8
761,300.0,300.0,125.0,0.8
1225,300.0,400.0,125.0,0.8
1118,400.0,-400.0,125.0,0.8
410,400.0,-300.0,125.0,0.8
591,400.0,-200.0,125.0,0.8
2341,400.0,-100.0,125.0,0.8
14,400.0,0.0,125.0,0.8
364,400.0,100.0,125.0,0.8
775,400.0,200.0,125.0,0.8
1226,400.0,300.0,125.0,0.8
1552,400.0,400.0,125.0,0.8
1270,-400.0,-400.0,125.0,1.0
93,-400.0,-300.0,125.0,1.0
1152,-400.0,-200.0,125.0,1.0
922,-400.0,-100.0,125.0,1.0
1004,-400.0,0.0,125.0,1.0
325,-400.0,100.0,125.0,1.0
1442,-400.0,200.0,125.0,1.0
1281,-400.0,300.0,125.0,1.0
2732,-400.0,400.0,125.0,1.0
1935,-300.0,-400.0,125.0,1.0
1492,-300.0,-300.0,125.0,1.0
1470,-300.0,-200.0,125.0,1.0
2224,-300.0,-100.0,125.0,1.0
2675,-300.0,0.0,125.0,1.0
1339,-300.0,100.0,125.0,1.0
1758,-300.0,200.0,125.0,1.0
2383,-300.0,300.0,125.0,1.0
1596,-300.0,400.0,125.0,1.0
2374,-200.0,-400.0,125.0,1.0
1874,-200.0,-300.0,125.0,1.0
619,-200.0,-200.0,125.0,1.0
1379,-200.0,-100.0,125.0,1.0
2234,-200.0,0.0,125.0,1.0
562,-200.0,100.0,125.0,1.0
2529,-200.0,200.0,125.0,1.0
842,-200.0,300.0,125.0,1.0
278,-200.0,400.0,125.0,1.0
2184,-100.0,-400.0,125.0,1.0
1264,-100.0,-300.0,125.0,1.0
1087,-100.0,-200.0,125.0,1.0
2521,-100.0,-100.0,125.0,1.0
2644,-100.0,0.0,125.0,1.0
507,-100.0,100.0,125.0,1.0
1785,-100.0,200.0,125.0,1.0
2665,-100.0,300.0,125.0,1.0
774,-100.0,400.0,125.0,1.0
513,0.0,-400.0,125.0,1.0
2177,0.0,-300.0,125.0,1.0
238,0.0,-200.0,125.0,1.0
1186,0.0,-100.0,125.0,1.0
574,0.0,0.0,125.0,1.0
2288,0.0,100.0,125.0,1.0
1024,0.0,200.0,125.0,1.0
1223,0.0,300.0,125.0,1.0
1329,100.0,-400.0,125.0,1.0
695,100.0,-300.0,125.0,1.0
1437,100.0,-200.0,125.0,1.0
1215,100.0,-100.0,125.0,1.0
295,100.0,0.0,125.0,1.0
1231,100.0,100.0,125.0,1.0
1687,100.0,200.0,125.0,1.0
978,100.0,300.0,125.0,1.0
2222,100.0,400.0,125.0,1.0
825,200.0,-400.0,125.0,1.0
534,200.0,-300.0,125.0,1.0
1654,200.0,-200.0,125.0,1.0
1963,200.0,-100.0,125.0,1.0
2734,200.0,0.0,125.0,1.0
378,200.0,100.0,125.0,1.0
1255,200.0,200.0,125.0,1.0
869,200.0,300.0,125.0,1.0
1527,200.0,400.0,125.0,1.0
1018,300.0,-400.0,125.0,1.0
2273,300.0,-300.0,125.0,1.0
2698,300.0,-200.0,125.0,1.0
1708,300.0,-100.0,125.0,1.0
794,300.0,0.0,125.0,1.0
1777,300.0,100.0,125.0,1.0
2789,300.0,200.0,125.0,1.0
1990,300.0,300.0,125.0,1.0
1380,300.0,400.0,125.0,1.0
1890,400.0,-400.0,125.0,1.0
1838,400.0,-300.0,125.0,1.0
2342,400.0,-200.0,125.0,1.0
1938,400.0,-100.0,125.0,1.0
2582,400.0,0.0,125.0,1.0
999,400.0,100.0,125.0,1.0
1137,400.0,200.0,125.0,1.0
242,400.0,300.0,125.0,1.0
1733,400.0,400.0,125.0,1.0
2796,-400.0,-400.0,150.0,0.2
1567,-400.0,-300.0,150.0,0.2
386,-400.0,-200.0,150.0,0.2
812,-400.0,-100.0,150.0,0.2
870,-400.0,0.0,150.0,0.2
1829,-400.0,100.0,150.0,0.2
154,-400.0,200.0,150.0,0.2
1468,-400.0,300.0,150.0,0.2
326,-400.0,400.0,150.0,0.2
2314,-300.0,-400.0,150.0,0.2
1040,-300.0,-300.0,150.0,0.2
1558,-300.0,-200.0,150.0,0.2
2172,-300.0,-100.0,150.0,0.2
2517,-300.0,0.0,150.0,0.2
1323,-300.0,100.0,150.0,0.2
2043,-300.0,200.0,150.0,0.2
30,-300.0,300.0,150.0,0.2
1362,-300.0,400.0,150.0,0.2
416,-200.0,-400.0,150.0,0.2
1257,-200.0,-300.0,150.0,0.2
337,-200.0,-200.0,150.0,0.2
1156,-200.0,-100.0,150.0,0.2
633,-200.0,0.0,150.0,0.2
293,-200.0,100.0,150.0,0.2
254,-200.0,200.0,150.0,0.2
2786,-200.0,300.0,150.0,0.2
339,-200.0,400.0,150.0,0.2
706,-100.0,-400.0,150.0,0.2
1797,-100.0,-300.0,150.0,0.2
1614,-100.0,-200.0,150.0,0.2
935,-100.0,-100.0,150.0,0.2
536,-100.0,0.0,150.0,0.2
2661,-100.0,100.0,150.0,0.2
443,-100.0,200.0,150.0,0.2
2759,-100.0,300.0,150.0,0.2
2447,-100.0,400.0,150.0,0.2
2584,0.0,-400.0,150.0,0.2
1887,0.0,-300.0,150.0,0.2
328,0.0,-200.0,150.0,0.2
2777,0.0,-100.0,150.0,0.2
2187,0.0,0.0,150.0,0.2
1145,0.0,100.0,150.0,0.2
551,0.0,200.0,150.0,0.2
1730,0.0,300.0,150.0,0.2
334,100.0,-400.0,150.0,0.2
532,100.0,-300.0,150.0,0.2
455,100.0,-200.0,150.0,0.2
2558,100.0,-100.0,150.0,0.2
1068,100.0,0.0,150.0,0.2
941,100.0,100.0,150.0,0.2
26,100.0,200.0,150.0,0.2
1636,100.0,300.0,150.0,0.2
1295,100.0,400.0,150.0,0.2
2438,200.0,-400.0,150.0,0.2
1138,200.0,-300.0,150.0,0.2
1837,200.0,-200.0,150.0,0.2
2251,200.0,-100.0,150.0,0.2
1496,200.0,0.0,150.0,0.2
1669,200.0,100.0,150.0,0.2
288,200.0,200.0,150.0,0.2
837,200.0,300.0,150.0,0.2
2238,200.0,400.0,150.0,0.2
860,300.0,-400.0,150.0,0.2
18,300.0,-300.0,150.0,0.2
1161,300.0,-200.0,150.0,0.2
475,300.0,-100.0,150.0,0.2
2293,300.0,0.0,150.0,0.2
968,300.0,100.0,150.0,0.2
1493,300.0,200.0,150.0,0.2
2399,300.0,300.0,150.0,0.2
217,300.0,400.0,150.0,0.2
2653,400.0,-400.0,150.0,0.2
1974,400.0,-300.0,150.0,0.2
303,400.0,-200.0,150.0,0.2
245,400.0,-100.0,150.0,0.2
792,400.0,0.0,150.0,0.2
1634,400.0,100.0,150.0,0.2
1606,400.0,200.0,150.0,0.2
2100,400.0,300.0,150.0,0.2
1968,400.0,400.0,150.0,0.2
2547,-400.0,-400.0,150.0,0.4
2781,-400.0,-300.0,150.0,0.4
2714,-400.0,-200.0,150.0,0.4
2317,-400.0,-100.0,150.0,0.4
1750,-400.0,0.0,150.0,0.4
1266,-400.0,100.0,150.0,0.4
1692,-400.0,200.0,150.0,0.4
2455,-400.0,300.0,150.0,0.4
2428,-400.0,400.0,150.0,0.4
2511,-300.0,-400.0,150.0,0.4
1316,-300.0,-300.0,150.0,0.4
1981,-300.0,-200.0,150.0,0.4
4,-300.0,-100.0,150.0,0.4
1098,-300.0,0.0,150.0,0.4
2615,-300.0,100.0,150.0,0.4
2479,-300.0,200.0,150.0,0.4
1073,-300.0,300.0,150.0,0.4
2343,-300.0,400.0,150.0,0.4
2274,-200.0,-400.0,150.0,0.4
359,-200.0,-300.0,150.0,0.4
1556,-200.0,-200.0,150.0,0.4
1251,-200.0,-100.0,150.0,0.4
872,-200.0,0.0,150.0,0.4
518,-200.0,100.0,150.0,0.4
196,-200.0,200.0,150.0,0.4
2049,-200.0,300.0,150.0,0.4
1050,-200.0,400.0,150.0,0.4
1934,-100.0,-400.0,150.0,0.4
28,-100.0,-300.0,150.0,0.4
1227,-100.0,-200.0,150.0,0.4
1133,-100.0,-100.0,150.0,0.4
964,-100.0,0.0,150.0,0.4
91,-100.0,100.0,150.0,0.4
1675,-100.0,200.0,150.0,0.4
1303,-100.0,300.0,150.0,0.4
1299,-100.0,400.0,150.0,0.4
893,0.0,-400.0,150.0,0.4
992,0.0,-300.0,150.0,0.4
1932,0.0,-200.0,150.0,0.4
2000,0.0,-100.0,150.0,0.4
504,0.0,0.0,150.0,0.4
225,0.0,100.0,150.0,0.4
2377,0.0,200.0,150.0,0.4
2646,0.0,300.0,150.0,0.4
1821,100.0,-400.0,150.0,0.4
586,100.0,-300.0,150.0,0.4
1694,100.0,-200.0,150.0,0.4
1007,100.0,-100.0,150.0,0.4
604,100.0,0.0,150.0,0.4
798,100.0,100.0,150.0,0.4
1839,100.0,200.0,150.0,0.4
1283,100.0,300.0,150.0,0.4
172,100.0,400.0,150.0,0.4
2294,200.0,-400.0,150.0,0.4
762,200.0,-300.0,150.0,0.4
1794,200.0,-200.0,150.0,0.4
3,200.0,-100.0,150.0,0.4
498,200.0,0.0,150.0,0.4
2365,200.0,100.0,150.0,0.4
2312,200.0,200.0,150.0,0.4
1549,200.0,300.0,150.0,0.4
1335,200.0,400.0,150.0,0.4
834,300.0,-400.0,150.0,0.4
1450,300.0,-300.0,150.0,0.4
2082,300.0,-200.0,150.0,0.4
2780,300.0,-100.0,150.0,0.4
6,300.0,0.0,150.0,0.4
2077,300.0,100.0,150.0,0.4
1431,300.0,200.0,150.0,0.4
1410,300.0,300.0,150.0,0.4
1144,300.0,400.0,150.0,0.4
24,400.0,-400.0,150.0,0.4
1568,400.0,-300.0,150.0,0.4
2457,400.0,-200.0,150.0,0.4
1784,400.0,-100.0,150.0,0.4
2622,400.0,0.0,150.0,0.4
1940,400.0,100.0,150.0,0.4
2614,400.0,200.0,150.0,0.4
2115,400.0,300.0,150.0,0.4
407,400.0,400.0,150.0,0.4
661,-400.0,-400.0,150.0,0.6
2590,-400.0,-300.0,150.0,0.6
478,-400.0,-200.0,150.0,0.6
958,-400.0,-100.0,150.0,0.6
1864,-400.0,0.0,150.0,0.6
1712,-400.0,100.0,150.0,0.6
1236,-400.0,200.0,150.0,0.6
341,-400.0,300.0,150.0,0.6
1650,-400.0,400.0,150.0,0.6
35,-300.0,-400.0,150.0,0.6
327,-300.0,-300.0,150.0,0.6
1978,-300.0,-200.0,150.0,0.6
1655,-300.0,-100.0,150.0,0.6
2745,-300.0,0.0,150.0,0.6
739,-300.0,100.0,150.0,0.6
2183,-300.0,200.0,150.0,0.6
662,-300.0,300.0,150.0,0.6
340,-300.0,400.0,150.0,0.6
788,-200.0,-400.0,150.0,0.6
886,-200.0,-300.0,150.0,0.6
1701,-200.0,-200.0,150.0,0.6
647,-200.0,-100.0,150.0,0.6
1383,-200.0,0.0,150.0,0.6
864,-200.0,100.0,150.0,0.6
1500,-200.0,200.0,150.0,0.6
2784,-200.0,300.0,150.0,0.6
2372,-200.0,400.0,150.0,0.6
1246,-100.0,-400.0,150.0,0.6
2278,-100.0,-300.0,150.0,0.6
528,-100.0,-200.0,150.0,0.6
1396,-100.0,-100.0,150.0,0.6
598,-100.0,0.0,150.0,0.6
2583,-100.0,100.0,150.0,0.6
459,-100.0,200.0,150.0,0.6
2746,-100.0,300.0,150.0,0.6
2030,-100.0,400.0,150.0,0.6
1845,0.0,-400.0,150.0,0.6
469,0.0,-300.0,150.0,0.6
1305,0.0,-200.0,150.0,0.6
2025,0.0,-100.0,150.0,0.6
166,0.0,0.0,150.0,0.6
96,0.0,100.0,150.0,0.6
658,0.0,200.0,150.0,0.6
1463,0.0,300.0,150.0,0.6
1659,100.0,-400.0,150.0,0.6
2085,100.0,-300.0,150.0,0.6
2261,100.0,-200.0,150.0,0.6
2351,100.0,-100.0,150.0,0.6
1811,100.0,0.0,150.0,0.6
2121,100.0,100.0,150.0,0.6
1064,100.0,200.0,150.0,0.6
1918,100.0,300.0,150.0,0.6
1728,100.0,400.0,150.0,0.6
1560,200.0,-400.0,150.0,0.6
1790,200.0,-300.0,150.0,0.6
266,200.0,-200.0,150.0,0.6
142,200.0,-100.0,150.0,0.6
1441,200.0,0.0,150.0,0.6
2364,200.0,100.0,150.0,0.6
2236,200.0,200.0,150.0,0.6
976,200.0,300.0,150.0,0.6
1671,200.0,400.0,150.0,0.6
2490,300.0,-400.0,150.0,0.6
231,300.0,-300.0,150.0,0.6
1590,300.0,-200.0,150.0,0.6
1824,300.0,-100.0,150.0,0.6
2067,300.0,0.0,150.0,0.6
2715,300.0,100.0,150.0,0.6
1582,300.0,200.0,150.0,0.6
2181,300.0,300.0,150.0,0.6
203,300.0,400.0,150.0,0.6
198,400.0,-400.0,150.0,0.6
2175,400.0,-300.0,150.0,0.6
2782,400.0,-200.0,150.0,0.6
1667,400.0,-100.0,150.0,0.6
1075,400.0,0.0,150.0,0.6
497,400.0,100.0,150.0,0.6
2229,400.0,200.0,150.0,0.6
508,400.0,300.0,150.0,0.6
2570,400.0,400.0,150.0,0.6
2491,-400.0,-400.0,150.0,0.8
197,-400.0,-300.0,150.0,0.8
446,-400.0,-200.0,150.0,0.8
270,-400.0,-100.0,150.0,0.8
1771,-400.0,0.0,150.0,0.8
503,-400.0,100.0,150.0,0.8
1502,-400.0,200.0,150.0,0.8
2260,-400.0,300.0,150.0,0.8
2513,-400.0,400.0,150.0,0.8
361,-300.0,-400.0,150.0,0.8
954,-300.0,-300.0,150.0,0.8
2550,-300.0,-200.0,150.0,0.8
2055,-300.0,-100.0,150.0,0.8
1585,-300.0,0.0,150.0,0.8
330,-300.0,100.0,150.0,0.8
866,-300.0,200.0,150.0,0.8
1984,-300.0,300.0,150.0,0.8
78,-300.0,400.0,150.0,0.8
301,-200.0,-400.0,150.0,0.8
1378,-200.0,-300.0,150.0,0.8
795,-200.0,-200.0,150.0,0.8
2699,-200.0,-100.0,150.0,0.8
2102,-200.0,0.0,150.0,0.8
1100,-200.0,100.0,150.0,0.8
437,-200.0,200.0,150.0,0.8
641,-200.0,300.0,150.0,0.8
61,-200.0,400.0,150.0,0.8
934,-100.0,-400.0,150.0,0.8
2316,-100.0,-300.0,150.0,0.8
1153,-100.0,-200.0,150.0,0.8
2524,-100.0,-100.0,150.0,0.8
181,-100.0,0.0,150.0,0.8
491,-100.0,100.0,150.0,0.8
332,-100.0,200.0,150.0,0.8
253,-100.0,300.0,150.0,0.8
549,-100.0,400.0,150.0,0.8
738,0.0,-400.0,150.0,0.8
623,0.0,-300.0,150.0,0.8
879,0.0,-200.0,150.0,0.8
1565,0.0,-100.0,150.0,0.8
234,0.0,0.0,150.0,0.8
1189,0.0,100.0,150.0,0.8
2182,0.0,200.0,150.0,0.8
178,0.0,300.0,150.0,0.8
2793,100.0,-400.0,150.0,0.8
405,100.0,-300.0,150.0,0.8
1184,100.0,-200.0,150.0,0.8
665,100.0,-100.0,150.0,0.8
1374,100.0,0.0,150.0,0.8
2231,100.0,100.0,150.0,0.8
273,100.0,200.0,150.0,0.8
589,100.0,300.0,150.0,0.8
630,100.0,400.0,150.0,0.8
2578,200.0,-400.0,150.0,0.8
2180,200.0,-300.0,150.0,0.8
352,200.0,-200.0,150.0,0.8
1815,200.0,-100.0,150.0,0.8
2269,200.0,0.0,150.0,0.8
321,200.0,100.0,150.0,0.8
793,200.0,200.0,150.0,0.8
300,200.0,300.0,150.0,0.8
2696,200.0,400.0,150.0,0.8
216,300.0,-400.0,150.0,0.8
1933,300.0,-300.0,150.0,0.8
1936,300.0,-200.0,150.0,0.8
306,300.0,-100.0,150.0,0.8
1820,300.0,0.0,150.0,0.8
1385,300.0,100.0,150.0,0.8
945,300.0,200.0,150.0,0.8
535,300.0,300.0,150.0,0.8
1710,300.0,400.0,150.0,0.8
744,400.0,-400.0,150.0,0.8
2556,400.0,-300.0,150.0,0.8
2225,400.0,-200.0,150.0,0.8
2395,400.0,-100.0,150.0,0.8
2433,400.0,0.0,150.0,0.8
201,400.0,100.0,150.0,0.8
2681,400.0,200.0,150.0,0.8
644,400.0,300.0,150.0,0.8
2170,400.0,400.0,150.0,0.8
2630,-400.0,-400.0,150.0,1.0
533,-400.0,-300.0,150.0,1.0
2165,-400.0,-200.0,150.0,1.0
659,-400.0,-100.0,150.0,1.0
335,-400.0,0.0,150.0,1.0
2127,-400.0,100.0,150.0,1.0
515,-400.0,200.0,150.0,1.0
734,-400.0,300.0,150.0,1.0
2446,-400.0,400.0,150.0,1.0
942,-300.0,-400.0,150.0,1.0
951,-300.0,-300.0,150.0,1.0
99,-300.0,-200.0,150.0,1.0
1307,-300.0,-100.0,150.0,1.0
673,-300.0,0.0,150.0,1.0
1108,-300.0,100.0,150.0,1.0
458,-300.0,200.0,150.0,1.0
2406,-300.0,300.0,150.0,1.0
1235,-300.0,400.0,150.0,1.0
355,-200.0,-400.0,150.0,1.0
975,-200.0,-300.0,150.0,1.0
229,-200.0,-200.0,150.0,1.0
2737,-200.0,-100.0,150.0,1.0
218,-200.0,0.0,150.0,1.0
2198,-200.0,100.0,150.0,1.0
94,-200.0,200.0,150.0,1.0
1406,-200.0,300.0,150.0,1.0
2335,-200.0,400.0,150.0,1.0
1619,-100.0,-400.0,150.0,1.0
2157,-100.0,-300.0,150.0,1.0
1324,-100.0,-200.0,150.0,1.0
1886,-100.0,-100.0,150.0,1.0
2429,-100.0,0.0,150.0,1.0
2159,-100.0,100.0,150.0,1.0
380,-100.0,200.0,150.0,1.0
1328,-100.0,300.0,150.0,1.0
2627,-100.0,400.0,150.0,1.0
719,0.0,-400.0,150.0,1.0
60,0.0,-300.0,150.0,1.0
1421,0.0,-200.0,150.0,1.0
597,0.0,-100.0,150.0,1.0
2209,0.0,0.0,150.0,1.0
2770,0.0,100.0,150.0,1.0
1096,0.0,200.0,150.0,1.0
2008,0.0,300.0,150.0,1.0
1289,100.0,-400.0,150.0,1.0
2508,100.0,-300.0,150.0,1.0
2569,100.0,-200.0,150.0,1.0
1575,100.0,-100.0,150.0,1.0
1212,100.0,0.0,150.0,1.0
2148,100.0,100.0,150.0,1.0
1538,100.0,200.0,150.0,1.0
1320,100.0,300.0,150.0,1.0
2739,100.0,400.0,150.0,1.0
565,200.0,-400.0,150.0,1.0
622,200.0,-300.0,150.0,1.0
1906,200.0,-200.0,150.0,1.0
1220,200.0,-100.0,150.0,1.0
1747,200.0,0.0,150.0,1.0
720,200.0,100.0,150.0,1.0
717,200.0,200.0,150.0,1.0
1282,200.0,300.0,150.0,1.0
1920,200.0,400.0,150.0,1.0
2279,300.0,-400.0,150.0,1.0
1204,300.0,-300.0,150.0,1.0
2033,300.0,-200.0,150.0,1.0
394,300.0,-100.0,150.0,1.0
2744,300.0,0.0,150.0,1.0
2650,300.0,100.0,150.0,1.0
191,300.0,200.0,150.0,1.0
265,300.0,300.0,150.0,1.0
1620,300.0,400.0,150.0,1.0
904,400.0,-400.0,150.0,1.0
69,400.0,-300.0,150.0,1.0
779,400.0,-200.0,150.0,1.0
2576,400.0,-100.0,150.0,1.0
1114,400.0,0.0,150.0,1.0
915,400.0,100.0,150.0,1.0
471,400.0,200.0,150.0,1.0
2553,400.0,300.0,150.0,1.0
1244,400.0,400.0,150.0,1.0
2706,-400.0,-400.0,175.0,0.2
568,-400.0,-300.0,175.0,0.2
2674,-400.0,-200.0,175.0,0.2
1505,-400.0,-100.0,175.0,0.2
417,-400.0,0.0,175.0,0.2
1402,-400.0,100.0,175.0,0.2
1371,-400.0,200.0,175.0,0.2
2350,-400.0,300.0,175.0,0.2
2306,-400.0,400.0,175.0,0.2
642,-300.0,-400.0,175.0,0.2
2119,-300.0,-300.0,175.0,0.2
163,-300.0,-200.0,175.0,0.2
2546,-300.0,-100.0,175.0,0.2
666,-300.0,0.0,175.0,0.2
612,-300.0,100.0,175.0,0.2
456,-300.0,200.0,175.0,0.2
1786,-300.0,300.0,175.0,0.2
397,-300.0,400.0,175.0,0.2
550,-200.0,-400.0,175.0,0.2
2518,-200.0,-300.0,175.0,0.2
1016,-200.0,-200.0,175.0,0.2
2567,-200.0,-100.0,175.0,0.2
2454,-200.0,0.0,175.0,0.2
2054,-200.0,100.0,175.0,0.2
2153,-200.0,200.0,175.0,0.2
914,-200.0,300.0,175.0,0.2
949,-200.0,400.0,175.0,0.2
2210,-100.0,-400.0,175.0,0.2
1574,-100.0,-300.0,175.0,0.2
2587,-100.0,-200.0,175.0,0.2
512,-100.0,-100.0,175.0,0.2
1030,-100.0,0.0,175.0,0.2
249,-100.0,100.0,175.0,0.2
1418,-100.0,200.0,175.0,0.2
628,-100.0,300.0,175.0,0.2
1078,-100.0,400.0,175.0,0.2
2436,0.0,-400.0,175.0,0.2
2444,0.0,-300.0,175.0,0.2
2736,0.0,-200.0,175.0,0.2
2593,0.0,-100.0,175.0,0.2
1245,0.0,0.0,175.0,0.2
2047,0.0,100.0,175.0,0.2
800,0.0,200.0,175.0,0.2
2333,0.0,300.0,175.0,0.2
2094,100.0,-400.0,175.0,0.2
1517,100.0,-300.0,175.0,0.2
722,100.0,-200.0,175.0,0.2
567,100.0,-100.0,175.0,0.2
985,100.0,0.0,175.0,0.2
354,100.0,100.0,175.0,0.2
2221,100.0,200.0,175.0,0.2
1129,100.0,300.0,175.0,0.2
2559,100.0,400.0,175.0,0.2
2319,200.0,-400.0,175.0,0.2
585,200.0,-300.0,175.0,0.2
1045,200.0,-200.0,175.0,0.2
963,200.0,-100.0,175.0,0.2
1480,200.0,0.0,175.0,0.2
1056,200.0,100.0,175.0,0.2
2735,200.0,200.0,175.0,0.2
2346,200.0,300.0,175.0,0.2
2355,200.0,400.0,175.0,0.2
708,300.0,-400.0,175.0,0.2
755,300.0,-300.0,175.0,0.2
2137,300.0,-200.0,175.0,0.2
575,300.0,-100.0,175.0,0.2
1265,300.0,0.0,175.0,0.2
1373,300.0,100.0,175.0,0.2
2407,300.0,200.0,175.0,0.2
209,300.0,300.0,175.0,0.2
2779,300.0,400.0,175.0,0.2
109,400.0,-400.0,175.0,0.2
1543,400.0,-300.0,175.0,0.2
1416,400.0,-200.0,175.0,0.2
2057,400.0,-100.0,175.0,0.2
984,400.0,0.0,175.0,0.2
692,400.0,100.0,175.0,0.2
1721,400.0,200.0,175.0,0.2
252,400.0,300.0,175.0,0.2
312,400.0,400.0,175.0,0.2
2760,-400.0,-400.0,175.0,0.4
1062,-400.0,-300.0,175.0,0.4
240,-400.0,-200.0,175.0,0.4
5,-400.0,-100.0,175.0,0.4
1404,-400.0,0.0,175.0,0.4
1285,-400.0,100.0,175.0,0.4
560,-400.0,200.0,175.0,0.4
362,-400.0,300.0,175.0,0.4
1870,-400.0,400.0,175.0,0.4
1709,-300.0,-400.0,175.0,0.4
2599,-300.0,-300.0,175.0,0.4
1115,-300.0,-200.0,175.0,0.4
276,-300.0,-100.0,175.0,0.4
2397,-300.0,0.0,175.0,0.4
1005,-300.0,100.0,175.0,0.4
347,-300.0,200.0,175.0,0.4
1973,-300.0,300.0,175.0,0.4
384,-300.0,400.0,175.0,0.4
59,-200.0,-400.0,175.0,0.4
2414,-200.0,-300.0,175.0,0.4
292,-200.0,-200.0,175.0,0.4
116,-200.0,-100.0,175.0,0.4
2498,-200.0,0.0,175.0,0.4
155,-200.0,100.0,175.0,0.4
2158,-200.0,200.0,175.0,0.4
1147,-200.0,300.0,175.0,0.4
148,-200.0,400.0,175.0,0.4
1642,-100.0,-400.0,175.0,0.4
1894,-100.0,-300.0,175.0,0.4
1706,-100.0,-200.0,175.0,0.4
441,-100.0,-100.0,175.0,0.4
2256,-100.0,0.0,175.0,0.4
2551,-100.0,100.0,175.0,0.4
1311,-100.0,200.0,175.0,0.4
2548,-100.0,300.0,175.0,0.4
120,-100.0,400.0,175.0,0.4
1724,0.0,-400.0,175.0,0.4
858,0.0,-300.0,175.0,0.4
1996,0.0,-200.0,175.0,0.4
111,0.0,-100.0,175.0,0.4
668,0.0,0.0,175.0,0.4
1969,0.0,100.0,175.0,0.4
1632,0.0,200.0,175.0,0.4
2253,0.0,300.0,175.0,0.4
1393,100.0,-400.0,175.0,0.4
1523,100.0,-300.0,175.0,0.4
2591,100.0,-200.0,175.0,0.4
1683,100.0,-100.0,175.0,0.4
523,100.0,0.0,175.0,0.4
554,100.0,100.0,175.0,0.4
2398,100.0,200.0,175.0,0.4
23,100.0,300.0,175.0,0.4
782,100.0,400.0,175.0,0.4
85,200.0,-400.0,175.0,0.4
2437,200.0,-300.0,175.0,0.4
1033,200.0,-200.0,175.0,0.4
950,200.0,-100.0,175.0,0.4
1814,200.0,0.0,175.0,0.4
1912,200.0,100.0,175.0,0.4
319,200.0,200.0,175.0,0.4
1485,200.0,300.0,175.0,0.4
855,200.0,400.0,175.0,0.4
1603,300.0,-400.0,175.0,0.4
1699,300.0,-300.0,175.0,0.4
1230,300.0,-200.0,175.0,0.4
1910,300.0,-100.0,175.0,0.4
771,300.0,0.0,175.0,0.4
559,300.0,100.0,175.0,0.4
483,300.0,200.0,175.0,0.4
2096,300.0,300.0,175.0,0.4
2657,300.0,400.0,175.0,0.4
230,400.0,-400.0,175.0,0.4
66,400.0,-300.0,175.0,0.4
505,400.0,-200.0,175.0,0.4
479,400.0,-100.0,175.0,0.4
1954,400.0,0.0,175.0,0.4
1224,400.0,100.0,175.0,0.4
760,400.0,200.0,175.0,0.4
2227,400.0,300.0,175.0,0.4
2603,400.0,400.0,175.0,0.4
740,-400.0,-400.0,175.0,0.6
1417,-400.0,-300.0,175.0,0.6
271,-400.0,-200.0,175.0,0.6
474,-400.0,-100.0,175.0,0.6
1046,-400.0,0.0,175.0,0.6
1664,-400.0,100.0,175.0,0.6
125,-400.0,200.0,175.0,0.6
2109,-400.0,300.0,175.0,0.6
2792,-400.0,400.0,175.0,0.6
84,-300.0,-400.0,175.0,0.6
680,-300.0,-300.0,175.0,0.6
2425,-300.0,-200.0,175.0,0.6
1966,-300.0,-100.0,175.0,0.6
2564,-300.0,0.0,175.0,0.6
1649,-300.0,100.0,175.0,0.6
1117,-300.0,200.0,175.0,0.6
1337,-300.0,300.0,175.0,0.6
372,-300.0,400.0,175.0,0.6
1807,-200.0,-400.0,175.0,0.6
845,-200.0,-300.0,175.0,0.6
2703,-200.0,-200.0,175.0,0.6
1625,-200.0,-100.0,175.0,0.6
2680,-200.0,0.0,175.0,0.6
2639,-200.0,100.0,175.0,0.6
2571,-200.0,200.0,175.0,0.6
2292,-200.0,300.0,175.0,0.6
2701,-200.0,400.0,175.0,0.6
1293,-100.0,-400.0,175.0,0.6
938,-100.0,-300.0,175.0,0.6
2023,-100.0,-200.0,175.0,0.6
396,-100.0,-100.0,175.0,0.6
1804,-100.0,0.0,175.0,0.6
2282,-100.0,100.0,175.0,0.6
2296,-100.0,200.0,175.0,0.6
1792,-100.0,300.0,175.0,0.6
98,-100.0,400.0,175.0,0.6
2470,0.0,-400.0,175.0,0.6
1630,0.0,-300.0,175.0,0.6
1199,0.0,-200.0,175.0,0.6
1157,0.0,-100.0,175.0,0.6
76,0.0,0.0,175.0,0.6
2146,0.0,100.0,175.0,0.6
1638,0.0,200.0,175.0,0.6
2133,0.0,300.0,175.0,0.6
2370,100.0,-400.0,175.0,0.6
1867,100.0,-300.0,175.0,0.6
1776,100.0,-200.0,175.0,0.6
677,100.0,-100.0,175.0,0.6
2568,100.0,0.0,175.0,0.6
2405,100.0,100.0,175.0,0.6
476,100.0,200.0,175.0,0.6
1546,100.0,300.0,175.0,0.6
2409,100.0,400.0,175.0,0.6
9,200.0,-400.0,175.0,0.6
768,200.0,-300.0,175.0,0.6
1025,200.0,-200.0,175.0,0.6
433,200.0,-100.0,175.0,0.6
1440,200.0,0.0,175.0,0.6
1187,200.0,100.0,175.0,0.6
2166,200.0,200.0,175.0,0.6
1221,200.0,300.0,175.0,0.6
1791,200.0,400.0,175.0,0.6
2772,300.0,-400.0,175.0,0.6
2731,300.0,-300.0,175.0,0.6
1862,300.0,-200.0,175.0,0.6
1218,300.0,-100.0,175.0,0.6
2557,300.0,0.0,175.0,0.6
1611,300.0,100.0,175.0,0.6
2400,300.0,200.0,175.0,0.6
737,300.0,300.0,175.0,0.6
1291,300.0,400.0,175.0,0.6
1646,400.0,-400.0,175.0,0.6
1561,400.0,-300.0,175.0,0.6
2035,400.0,-200.0,175.0,0.6
2767,400.0,-100.0,175.0,0.6
2092,400.0,0.0,175.0,0.6
1387,400.0,100.0,175.0,0.6
2176,400.0,200.0,175.0,0.6
402,400.0,300.0,175.0,0.6
500,400.0,400.0,175.0,0.6
2401,-400.0,-400.0,175.0,0.8
1711,-400.0,-300.0,175.0,0.8
625,-400.0,-200.0,175.0,0.8
804,-400.0,-100.0,175.0,0.8
457,-400.0,0.0,175.0,0.8
1247,-400.0,100.0,175.0,0.8
1988,-400.0,200.0,175.0,0.8
972,-400.0,300.0,175.0,0.8
171,-400.0,400.0,175.0,0.8
2712,-300.0,-400.0,175.0,0.8
1192,-300.0,-300.0,175.0,0.8
1250,-300.0,-200.0,175.0,0.8
2607,-300.0,-100.0,175.0,0.8
37,-300.0,0.0,175.0,0.8
1179,-300.0,100.0,175.0,0.8
1001,-300.0,200.0,175.0,0.8
1116,-300.0,300.0,175.0,0.8
561,-300.0,400.0,175.0,0.8
52,-200.0,-400.0,175.0,0.8
861,-200.0,-300.0,175.0,0.8
833,-200.0,-200.0,175.0,0.8
2507,-200.0,-100.0,175.0,0.8
248,-200.0,0.0,175.0,0.8
581,-200.0,100.0,175.0,0.8
2276,-200.0,200.0,175.0,0.8
883,-200.0,300.0,175.0,0.8
220,-200.0,400.0,175.0,0.8
2219,-100.0,-400.0,175.0,0.8
2642,-100.0,-300.0,175.0,0.8
1673,-100.0,-200.0,175.0,0.8
1827,-100.0,-100.0,175.0,0.8
2700,-100.0,0.0,175.0,0.8
46,-100.0,100.0,175.0,0.8
485,-100.0,200.0,175.0,0.8
422,-100.0,300.0,175.0,0.8
751,-100.0,400.0,175.0,0.8
2265,0.0,-400.0,175.0,0.8
1183,0.0,-300.0,175.0,0.8
2136,0.0,-200.0,175.0,0.8
2536,0.0,-100.0,175.0,0.8
1037,0.0,0.0,175.0,0.8
1047,0.0,100.0,175.0,0.8
365,0.0,200.0,175.0,0.8
2669,0.0,300.0,175.0,0.8
1302,100.0,-400.0,175.0,0.8
687,100.0,-300.0,175.0,0.8
1525,100.0,-200.0,175.0,0.8
776,100.0,-100.0,175.0,0.8
2442,100.0,0.0,175.0,0.8
2369,100.0,100.0,175.0,0.8
2120,100.0,200.0,175.0,0.8
112,100.0,300.0,175.0,0.8
1745,100.0,400.0,175.0,0.8
1461,200.0,-400.0,175.0,0.8
72,200.0,-300.0,175.0,0.8
921,200.0,-200.0,175.0,0.8
259,200.0,-100.0,175.0,0.8
1578,200.0,0.0,175.0,0.8
1545,200.0,100.0,175.0,0.8
2594,200.0,200.0,175.0,0.8
1491,200.0,300.0,175.0,0.8
2392,200.0,400.0,175.0,0.8
244,300.0,-400.0,175.0,0.8
671,300.0,-300.0,175.0,0.8
2362,300.0,-200.0,175.0,0.8
2658,300.0,-100.0,175.0,0.8
887,300.0,0.0,175.0,0.8
1296,300.0,100.0,175.0,0.8
821,300.0,200.0,175.0,0.8
2034,300.0,300.0,175.0,0.8
351,300.0,400.0,175.0,0.8
2001,400.0,-400.0,175.0,0.8
305,400.0,-300.0,175.0,0.8
2485,400.0,-200.0,175.0,0.8
1767,400.0,-100.0,175.0,0.8
258,400.0,0.0,175.0,0.8
2477,400.0,100.0,175.0,0.8
1903,400.0,200.0,175.0,0.8
468,400.0,300.0,175.0,0.8
650,400.0,400.0,175.0,0.8
1858,-400.0,-400.0,175.0,1.0
2216,-400.0,-300.0,175.0,1.0
2748,-400.0,-200.0,175.0,1.0
2693,-400.0,-100.0,175.0,1.0
2464,-400.0,0.0,175.0,1.0
878,-400.0,100.0,175.0,1.0
1621,-400.0,200.0,175.0,1.0
763,-400.0,300.0,175.0,1.0
113,-400.0,400.0,175.0,1.0
1060,-300.0,-400.0,175.0,1.0
307,-300.0,-300.0,175.0,1.0
537,-300.0,-200.0,175.0,1.0
960,-300.0,-100.0,175.0,1.0
202,-300.0,0.0,175.0,1.0
810,-300.0,100.0,175.0,1.0
840,-300.0,200.0,175.0,1.0
2788,-300.0,300.0,175.0,1.0
1875,-300.0,400.0,175.0,1.0
609,-200.0,-400.0,175.0,1.0
2776,-200.0,-300.0,175.0,1.0
1796,-200.0,-200.0,175.0,1.0
2290,-200.0,-100.0,175.0,1.0
2503,-200.0,0.0,175.0,1.0
2654,-200.0,100.0,175.0,1.0
1895,-200.0,200.0,175.0,1.0
844,-200.0,300.0,175.0,1.0
2031,-200.0,400.0,175.0,1.0
256,-100.0,-400.0,175.0,1.0
2506,-100.0,-300.0,175.0,1.0
2598,-100.0,-200.0,175.0,1.0
1584,-100.0,-100.0,175.0,1.0
2539,-100.0,0.0,175.0,1.0
42,-100.0,100.0,175.0,1.0
1122,-100.0,200.0,175.0,1.0
1965,-100.0,300.0,175.0,1.0
2154,-100.0,400.0,175.0,1.0
1222,0.0,-400.0,175.0,1.0
1422,0.0,-300.0,175.0,1.0
797,0.0,-200.0,175.0,1.0
360,0.0,-100.0,175.0,1.0
2272,0.0,0.0,175.0,1.0
1945,0.0,100.0,175.0,1.0
1993,0.0,200.0,175.0,1.0
275,0.0,300.0,175.0,1.0
1113,100.0,-400.0,175.0,1.0
1951,100.0,-300.0,175.0,1.0
1397,100.0,-200.0,175.0,1.0
1240,100.0,-100.0,175.0,1.0
2068,100.0,0.0,175.0,1.0
618,100.0,100.0,175.0,1.0
1274,100.0,200.0,175.0,1.0
965,100.0,300.0,175.0,1.0
2107,100.0,400.0,175.0,1.0
2111,200.0,-400.0,175.0,1.0
2009,200.0,-300.0,175.0,1.0
2285,200.0,-200.0,175.0,1.0
187,200.0,-100.0,175.0,1.0
2291,200.0,0.0,175.0,1.0
1789,200.0,100.0,175.0,1.0
1076,200.0,200.0,175.0,1.0
1960,200.0,300.0,175.0,1.0
465,200.0,400.0,175.0,1.0
765,300.0,-400.0,175.0,1.0
2212,300.0,-300.0,175.0,1.0
2740,300.0,-200.0,175.0,1.0
1097,300.0,-100.0,175.0,1.0
2239,300.0,0.0,175.0,1.0
1756,300.0,100.0,175.0,1.0
920,300.0,200.0,175.0,1.0
2264,300.0,300.0,175.0,1.0
1905,300.0,400.0,175.0,1.0
600,400.0,-400.0,175.0,1.0
2211,400.0,-300.0,175.0,1.0
1366,400.0,-200.0,175.0,1.0
1943,400.0,-100.0,175.0,1.0
1107,400.0,0.0,175.0,1.0
1448,400.0,100.0,175.0,1.0
991,400.0,200.0,175.0,1.0
637,400.0,300.0,175.0,1.0
824,400.0,400.0,175.0,1.0
